[2025-08-15 12:30:22] local.ERROR: SQLSTATE[HY000] [1049] Unknown database 'college' (SQL: select * from `languages` where `status` = 1) {"exception":"[object] (Illuminate\\Database\\QueryException(code: 1049): SQLSTATE[HY000] [1049] Unknown database 'college' (SQL: select * from `languages` where `status` = 1) at /opt/lampp/htdocs/Dapin-CMS/vendor/laravel/framework/src/Illuminate/Database/Connection.php:760)
[stacktrace]
#0 /opt/lampp/htdocs/Dapin-CMS/vendor/laravel/framework/src/Illuminate/Database/Connection.php(720): Illuminate\\Database\\Connection->runQueryCallback('select * from `...', Array, Object(Closure))
#1 /opt/lampp/htdocs/Dapin-CMS/vendor/laravel/framework/src/Illuminate/Database/Connection.php(405): Illuminate\\Database\\Connection->run('select * from `...', Array, Object(Closure))
#2 /opt/lampp/htdocs/Dapin-CMS/vendor/laravel/framework/src/Illuminate/Database/Query/Builder.php(2705): Illuminate\\Database\\Connection->select('select * from `...', Array, true)
#3 /opt/lampp/htdocs/Dapin-CMS/vendor/laravel/framework/src/Illuminate/Database/Query/Builder.php(2694): Illuminate\\Database\\Query\\Builder->runSelect()
#4 /opt/lampp/htdocs/Dapin-CMS/vendor/laravel/framework/src/Illuminate/Database/Query/Builder.php(3230): Illuminate\\Database\\Query\\Builder->Illuminate\\Database\\Query\\{closure}()
#5 /opt/lampp/htdocs/Dapin-CMS/vendor/laravel/framework/src/Illuminate/Database/Query/Builder.php(2693): Illuminate\\Database\\Query\\Builder->onceWithColumns(Array, Object(Closure))
#6 /opt/lampp/htdocs/Dapin-CMS/vendor/laravel/framework/src/Illuminate/Database/Eloquent/Builder.php(710): Illuminate\\Database\\Query\\Builder->get(Array)
#7 /opt/lampp/htdocs/Dapin-CMS/vendor/laravel/framework/src/Illuminate/Database/Eloquent/Builder.php(694): Illuminate\\Database\\Eloquent\\Builder->getModels(Array)
#8 /opt/lampp/htdocs/Dapin-CMS/app/Providers/AppServiceProvider.php(39): Illuminate\\Database\\Eloquent\\Builder->get()
#9 /opt/lampp/htdocs/Dapin-CMS/vendor/laravel/framework/src/Illuminate/Container/BoundMethod.php(36): App\\Providers\\AppServiceProvider->boot()
#10 /opt/lampp/htdocs/Dapin-CMS/vendor/laravel/framework/src/Illuminate/Container/Util.php(41): Illuminate\\Container\\BoundMethod::Illuminate\\Container\\{closure}()
#11 /opt/lampp/htdocs/Dapin-CMS/vendor/laravel/framework/src/Illuminate/Container/BoundMethod.php(93): Illuminate\\Container\\Util::unwrapIfClosure(Object(Closure))
#12 /opt/lampp/htdocs/Dapin-CMS/vendor/laravel/framework/src/Illuminate/Container/BoundMethod.php(35): Illuminate\\Container\\BoundMethod::callBoundMethod(Object(Illuminate\\Foundation\\Application), Array, Object(Closure))
#13 /opt/lampp/htdocs/Dapin-CMS/vendor/laravel/framework/src/Illuminate/Container/Container.php(661): Illuminate\\Container\\BoundMethod::call(Object(Illuminate\\Foundation\\Application), Array, Array, NULL)
#14 /opt/lampp/htdocs/Dapin-CMS/vendor/laravel/framework/src/Illuminate/Foundation/Application.php(954): Illuminate\\Container\\Container->call(Array)
#15 /opt/lampp/htdocs/Dapin-CMS/vendor/laravel/framework/src/Illuminate/Foundation/Application.php(935): Illuminate\\Foundation\\Application->bootProvider(Object(App\\Providers\\AppServiceProvider))
#16 [internal function]: Illuminate\\Foundation\\Application->Illuminate\\Foundation\\{closure}(Object(App\\Providers\\AppServiceProvider), 39)
#17 /opt/lampp/htdocs/Dapin-CMS/vendor/laravel/framework/src/Illuminate/Foundation/Application.php(934): array_walk(Array, Object(Closure))
#18 /opt/lampp/htdocs/Dapin-CMS/vendor/laravel/framework/src/Illuminate/Foundation/Bootstrap/BootProviders.php(17): Illuminate\\Foundation\\Application->boot()
#19 /opt/lampp/htdocs/Dapin-CMS/vendor/laravel/framework/src/Illuminate/Foundation/Application.php(265): Illuminate\\Foundation\\Bootstrap\\BootProviders->bootstrap(Object(Illuminate\\Foundation\\Application))
#20 /opt/lampp/htdocs/Dapin-CMS/vendor/laravel/framework/src/Illuminate/Foundation/Console/Kernel.php(383): Illuminate\\Foundation\\Application->bootstrapWith(Array)
#21 /opt/lampp/htdocs/Dapin-CMS/vendor/laravel/framework/src/Illuminate/Foundation/Console/Kernel.php(153): Illuminate\\Foundation\\Console\\Kernel->bootstrap()
#22 /opt/lampp/htdocs/Dapin-CMS/artisan(35): Illuminate\\Foundation\\Console\\Kernel->handle(Object(Symfony\\Component\\Console\\Input\\ArgvInput), Object(Symfony\\Component\\Console\\Output\\ConsoleOutput))
#23 {main}

[previous exception] [object] (PDOException(code: 1049): SQLSTATE[HY000] [1049] Unknown database 'college' at /opt/lampp/htdocs/Dapin-CMS/vendor/laravel/framework/src/Illuminate/Database/Connectors/Connector.php:70)
[stacktrace]
#0 /opt/lampp/htdocs/Dapin-CMS/vendor/laravel/framework/src/Illuminate/Database/Connectors/Connector.php(70): PDO->__construct('mysql:host=127....', 'root', Object(SensitiveParameterValue), Array)
#1 /opt/lampp/htdocs/Dapin-CMS/vendor/laravel/framework/src/Illuminate/Database/Connectors/Connector.php(45): Illuminate\\Database\\Connectors\\Connector->createPdoConnection('mysql:host=127....', 'root', '', Array)
#2 /opt/lampp/htdocs/Dapin-CMS/vendor/laravel/framework/src/Illuminate/Database/Connectors/MySqlConnector.php(24): Illuminate\\Database\\Connectors\\Connector->createConnection('mysql:host=127....', Array, Array)
#3 /opt/lampp/htdocs/Dapin-CMS/vendor/laravel/framework/src/Illuminate/Database/Connectors/ConnectionFactory.php(184): Illuminate\\Database\\Connectors\\MySqlConnector->connect(Array)
#4 [internal function]: Illuminate\\Database\\Connectors\\ConnectionFactory->Illuminate\\Database\\Connectors\\{closure}()
#5 /opt/lampp/htdocs/Dapin-CMS/vendor/laravel/framework/src/Illuminate/Database/Connection.php(1181): call_user_func(Object(Closure))
#6 /opt/lampp/htdocs/Dapin-CMS/vendor/laravel/framework/src/Illuminate/Database/Connection.php(1217): Illuminate\\Database\\Connection->getPdo()
#7 /opt/lampp/htdocs/Dapin-CMS/vendor/laravel/framework/src/Illuminate/Database/Connection.php(486): Illuminate\\Database\\Connection->getReadPdo()
#8 /opt/lampp/htdocs/Dapin-CMS/vendor/laravel/framework/src/Illuminate/Database/Connection.php(414): Illuminate\\Database\\Connection->getPdoForSelect(true)
#9 /opt/lampp/htdocs/Dapin-CMS/vendor/laravel/framework/src/Illuminate/Database/Connection.php(753): Illuminate\\Database\\Connection->Illuminate\\Database\\{closure}('select * from `...', Array)
#10 /opt/lampp/htdocs/Dapin-CMS/vendor/laravel/framework/src/Illuminate/Database/Connection.php(720): Illuminate\\Database\\Connection->runQueryCallback('select * from `...', Array, Object(Closure))
#11 /opt/lampp/htdocs/Dapin-CMS/vendor/laravel/framework/src/Illuminate/Database/Connection.php(405): Illuminate\\Database\\Connection->run('select * from `...', Array, Object(Closure))
#12 /opt/lampp/htdocs/Dapin-CMS/vendor/laravel/framework/src/Illuminate/Database/Query/Builder.php(2705): Illuminate\\Database\\Connection->select('select * from `...', Array, true)
#13 /opt/lampp/htdocs/Dapin-CMS/vendor/laravel/framework/src/Illuminate/Database/Query/Builder.php(2694): Illuminate\\Database\\Query\\Builder->runSelect()
#14 /opt/lampp/htdocs/Dapin-CMS/vendor/laravel/framework/src/Illuminate/Database/Query/Builder.php(3230): Illuminate\\Database\\Query\\Builder->Illuminate\\Database\\Query\\{closure}()
#15 /opt/lampp/htdocs/Dapin-CMS/vendor/laravel/framework/src/Illuminate/Database/Query/Builder.php(2693): Illuminate\\Database\\Query\\Builder->onceWithColumns(Array, Object(Closure))
#16 /opt/lampp/htdocs/Dapin-CMS/vendor/laravel/framework/src/Illuminate/Database/Eloquent/Builder.php(710): Illuminate\\Database\\Query\\Builder->get(Array)
#17 /opt/lampp/htdocs/Dapin-CMS/vendor/laravel/framework/src/Illuminate/Database/Eloquent/Builder.php(694): Illuminate\\Database\\Eloquent\\Builder->getModels(Array)
#18 /opt/lampp/htdocs/Dapin-CMS/app/Providers/AppServiceProvider.php(39): Illuminate\\Database\\Eloquent\\Builder->get()
#19 /opt/lampp/htdocs/Dapin-CMS/vendor/laravel/framework/src/Illuminate/Container/BoundMethod.php(36): App\\Providers\\AppServiceProvider->boot()
#20 /opt/lampp/htdocs/Dapin-CMS/vendor/laravel/framework/src/Illuminate/Container/Util.php(41): Illuminate\\Container\\BoundMethod::Illuminate\\Container\\{closure}()
#21 /opt/lampp/htdocs/Dapin-CMS/vendor/laravel/framework/src/Illuminate/Container/BoundMethod.php(93): Illuminate\\Container\\Util::unwrapIfClosure(Object(Closure))
#22 /opt/lampp/htdocs/Dapin-CMS/vendor/laravel/framework/src/Illuminate/Container/BoundMethod.php(35): Illuminate\\Container\\BoundMethod::callBoundMethod(Object(Illuminate\\Foundation\\Application), Array, Object(Closure))
#23 /opt/lampp/htdocs/Dapin-CMS/vendor/laravel/framework/src/Illuminate/Container/Container.php(661): Illuminate\\Container\\BoundMethod::call(Object(Illuminate\\Foundation\\Application), Array, Array, NULL)
#24 /opt/lampp/htdocs/Dapin-CMS/vendor/laravel/framework/src/Illuminate/Foundation/Application.php(954): Illuminate\\Container\\Container->call(Array)
#25 /opt/lampp/htdocs/Dapin-CMS/vendor/laravel/framework/src/Illuminate/Foundation/Application.php(935): Illuminate\\Foundation\\Application->bootProvider(Object(App\\Providers\\AppServiceProvider))
#26 [internal function]: Illuminate\\Foundation\\Application->Illuminate\\Foundation\\{closure}(Object(App\\Providers\\AppServiceProvider), 39)
#27 /opt/lampp/htdocs/Dapin-CMS/vendor/laravel/framework/src/Illuminate/Foundation/Application.php(934): array_walk(Array, Object(Closure))
#28 /opt/lampp/htdocs/Dapin-CMS/vendor/laravel/framework/src/Illuminate/Foundation/Bootstrap/BootProviders.php(17): Illuminate\\Foundation\\Application->boot()
#29 /opt/lampp/htdocs/Dapin-CMS/vendor/laravel/framework/src/Illuminate/Foundation/Application.php(265): Illuminate\\Foundation\\Bootstrap\\BootProviders->bootstrap(Object(Illuminate\\Foundation\\Application))
#30 /opt/lampp/htdocs/Dapin-CMS/vendor/laravel/framework/src/Illuminate/Foundation/Console/Kernel.php(383): Illuminate\\Foundation\\Application->bootstrapWith(Array)
#31 /opt/lampp/htdocs/Dapin-CMS/vendor/laravel/framework/src/Illuminate/Foundation/Console/Kernel.php(153): Illuminate\\Foundation\\Console\\Kernel->bootstrap()
#32 /opt/lampp/htdocs/Dapin-CMS/artisan(35): Illuminate\\Foundation\\Console\\Kernel->handle(Object(Symfony\\Component\\Console\\Input\\ArgvInput), Object(Symfony\\Component\\Console\\Output\\ConsoleOutput))
#33 {main}
"} 
[2025-08-15 12:32:52] local.ERROR: SQLSTATE[HY000] [1049] Unknown database 'college' (SQL: select * from `languages` where `status` = 1) {"exception":"[object] (Illuminate\\Database\\QueryException(code: 1049): SQLSTATE[HY000] [1049] Unknown database 'college' (SQL: select * from `languages` where `status` = 1) at /opt/lampp/htdocs/Dapin-CMS/vendor/laravel/framework/src/Illuminate/Database/Connection.php:760)
[stacktrace]
#0 /opt/lampp/htdocs/Dapin-CMS/vendor/laravel/framework/src/Illuminate/Database/Connection.php(720): Illuminate\\Database\\Connection->runQueryCallback('select * from `...', Array, Object(Closure))
#1 /opt/lampp/htdocs/Dapin-CMS/vendor/laravel/framework/src/Illuminate/Database/Connection.php(405): Illuminate\\Database\\Connection->run('select * from `...', Array, Object(Closure))
#2 /opt/lampp/htdocs/Dapin-CMS/vendor/laravel/framework/src/Illuminate/Database/Query/Builder.php(2705): Illuminate\\Database\\Connection->select('select * from `...', Array, true)
#3 /opt/lampp/htdocs/Dapin-CMS/vendor/laravel/framework/src/Illuminate/Database/Query/Builder.php(2694): Illuminate\\Database\\Query\\Builder->runSelect()
#4 /opt/lampp/htdocs/Dapin-CMS/vendor/laravel/framework/src/Illuminate/Database/Query/Builder.php(3230): Illuminate\\Database\\Query\\Builder->Illuminate\\Database\\Query\\{closure}()
#5 /opt/lampp/htdocs/Dapin-CMS/vendor/laravel/framework/src/Illuminate/Database/Query/Builder.php(2693): Illuminate\\Database\\Query\\Builder->onceWithColumns(Array, Object(Closure))
#6 /opt/lampp/htdocs/Dapin-CMS/vendor/laravel/framework/src/Illuminate/Database/Eloquent/Builder.php(710): Illuminate\\Database\\Query\\Builder->get(Array)
#7 /opt/lampp/htdocs/Dapin-CMS/vendor/laravel/framework/src/Illuminate/Database/Eloquent/Builder.php(694): Illuminate\\Database\\Eloquent\\Builder->getModels(Array)
#8 /opt/lampp/htdocs/Dapin-CMS/app/Providers/AppServiceProvider.php(39): Illuminate\\Database\\Eloquent\\Builder->get()
#9 /opt/lampp/htdocs/Dapin-CMS/vendor/laravel/framework/src/Illuminate/Container/BoundMethod.php(36): App\\Providers\\AppServiceProvider->boot()
#10 /opt/lampp/htdocs/Dapin-CMS/vendor/laravel/framework/src/Illuminate/Container/Util.php(41): Illuminate\\Container\\BoundMethod::Illuminate\\Container\\{closure}()
#11 /opt/lampp/htdocs/Dapin-CMS/vendor/laravel/framework/src/Illuminate/Container/BoundMethod.php(93): Illuminate\\Container\\Util::unwrapIfClosure(Object(Closure))
#12 /opt/lampp/htdocs/Dapin-CMS/vendor/laravel/framework/src/Illuminate/Container/BoundMethod.php(35): Illuminate\\Container\\BoundMethod::callBoundMethod(Object(Illuminate\\Foundation\\Application), Array, Object(Closure))
#13 /opt/lampp/htdocs/Dapin-CMS/vendor/laravel/framework/src/Illuminate/Container/Container.php(661): Illuminate\\Container\\BoundMethod::call(Object(Illuminate\\Foundation\\Application), Array, Array, NULL)
#14 /opt/lampp/htdocs/Dapin-CMS/vendor/laravel/framework/src/Illuminate/Foundation/Application.php(954): Illuminate\\Container\\Container->call(Array)
#15 /opt/lampp/htdocs/Dapin-CMS/vendor/laravel/framework/src/Illuminate/Foundation/Application.php(935): Illuminate\\Foundation\\Application->bootProvider(Object(App\\Providers\\AppServiceProvider))
#16 [internal function]: Illuminate\\Foundation\\Application->Illuminate\\Foundation\\{closure}(Object(App\\Providers\\AppServiceProvider), 39)
#17 /opt/lampp/htdocs/Dapin-CMS/vendor/laravel/framework/src/Illuminate/Foundation/Application.php(934): array_walk(Array, Object(Closure))
#18 /opt/lampp/htdocs/Dapin-CMS/vendor/laravel/framework/src/Illuminate/Foundation/Bootstrap/BootProviders.php(17): Illuminate\\Foundation\\Application->boot()
#19 /opt/lampp/htdocs/Dapin-CMS/vendor/laravel/framework/src/Illuminate/Foundation/Application.php(265): Illuminate\\Foundation\\Bootstrap\\BootProviders->bootstrap(Object(Illuminate\\Foundation\\Application))
#20 /opt/lampp/htdocs/Dapin-CMS/vendor/laravel/framework/src/Illuminate/Foundation/Console/Kernel.php(383): Illuminate\\Foundation\\Application->bootstrapWith(Array)
#21 /opt/lampp/htdocs/Dapin-CMS/vendor/laravel/framework/src/Illuminate/Foundation/Console/Kernel.php(153): Illuminate\\Foundation\\Console\\Kernel->bootstrap()
#22 /opt/lampp/htdocs/Dapin-CMS/artisan(35): Illuminate\\Foundation\\Console\\Kernel->handle(Object(Symfony\\Component\\Console\\Input\\ArgvInput), Object(Symfony\\Component\\Console\\Output\\ConsoleOutput))
#23 {main}

[previous exception] [object] (PDOException(code: 1049): SQLSTATE[HY000] [1049] Unknown database 'college' at /opt/lampp/htdocs/Dapin-CMS/vendor/laravel/framework/src/Illuminate/Database/Connectors/Connector.php:70)
[stacktrace]
#0 /opt/lampp/htdocs/Dapin-CMS/vendor/laravel/framework/src/Illuminate/Database/Connectors/Connector.php(70): PDO->__construct('mysql:host=127....', 'root', Object(SensitiveParameterValue), Array)
#1 /opt/lampp/htdocs/Dapin-CMS/vendor/laravel/framework/src/Illuminate/Database/Connectors/Connector.php(45): Illuminate\\Database\\Connectors\\Connector->createPdoConnection('mysql:host=127....', 'root', '', Array)
#2 /opt/lampp/htdocs/Dapin-CMS/vendor/laravel/framework/src/Illuminate/Database/Connectors/MySqlConnector.php(24): Illuminate\\Database\\Connectors\\Connector->createConnection('mysql:host=127....', Array, Array)
#3 /opt/lampp/htdocs/Dapin-CMS/vendor/laravel/framework/src/Illuminate/Database/Connectors/ConnectionFactory.php(184): Illuminate\\Database\\Connectors\\MySqlConnector->connect(Array)
#4 [internal function]: Illuminate\\Database\\Connectors\\ConnectionFactory->Illuminate\\Database\\Connectors\\{closure}()
#5 /opt/lampp/htdocs/Dapin-CMS/vendor/laravel/framework/src/Illuminate/Database/Connection.php(1181): call_user_func(Object(Closure))
#6 /opt/lampp/htdocs/Dapin-CMS/vendor/laravel/framework/src/Illuminate/Database/Connection.php(1217): Illuminate\\Database\\Connection->getPdo()
#7 /opt/lampp/htdocs/Dapin-CMS/vendor/laravel/framework/src/Illuminate/Database/Connection.php(486): Illuminate\\Database\\Connection->getReadPdo()
#8 /opt/lampp/htdocs/Dapin-CMS/vendor/laravel/framework/src/Illuminate/Database/Connection.php(414): Illuminate\\Database\\Connection->getPdoForSelect(true)
#9 /opt/lampp/htdocs/Dapin-CMS/vendor/laravel/framework/src/Illuminate/Database/Connection.php(753): Illuminate\\Database\\Connection->Illuminate\\Database\\{closure}('select * from `...', Array)
#10 /opt/lampp/htdocs/Dapin-CMS/vendor/laravel/framework/src/Illuminate/Database/Connection.php(720): Illuminate\\Database\\Connection->runQueryCallback('select * from `...', Array, Object(Closure))
#11 /opt/lampp/htdocs/Dapin-CMS/vendor/laravel/framework/src/Illuminate/Database/Connection.php(405): Illuminate\\Database\\Connection->run('select * from `...', Array, Object(Closure))
#12 /opt/lampp/htdocs/Dapin-CMS/vendor/laravel/framework/src/Illuminate/Database/Query/Builder.php(2705): Illuminate\\Database\\Connection->select('select * from `...', Array, true)
#13 /opt/lampp/htdocs/Dapin-CMS/vendor/laravel/framework/src/Illuminate/Database/Query/Builder.php(2694): Illuminate\\Database\\Query\\Builder->runSelect()
#14 /opt/lampp/htdocs/Dapin-CMS/vendor/laravel/framework/src/Illuminate/Database/Query/Builder.php(3230): Illuminate\\Database\\Query\\Builder->Illuminate\\Database\\Query\\{closure}()
#15 /opt/lampp/htdocs/Dapin-CMS/vendor/laravel/framework/src/Illuminate/Database/Query/Builder.php(2693): Illuminate\\Database\\Query\\Builder->onceWithColumns(Array, Object(Closure))
#16 /opt/lampp/htdocs/Dapin-CMS/vendor/laravel/framework/src/Illuminate/Database/Eloquent/Builder.php(710): Illuminate\\Database\\Query\\Builder->get(Array)
#17 /opt/lampp/htdocs/Dapin-CMS/vendor/laravel/framework/src/Illuminate/Database/Eloquent/Builder.php(694): Illuminate\\Database\\Eloquent\\Builder->getModels(Array)
#18 /opt/lampp/htdocs/Dapin-CMS/app/Providers/AppServiceProvider.php(39): Illuminate\\Database\\Eloquent\\Builder->get()
#19 /opt/lampp/htdocs/Dapin-CMS/vendor/laravel/framework/src/Illuminate/Container/BoundMethod.php(36): App\\Providers\\AppServiceProvider->boot()
#20 /opt/lampp/htdocs/Dapin-CMS/vendor/laravel/framework/src/Illuminate/Container/Util.php(41): Illuminate\\Container\\BoundMethod::Illuminate\\Container\\{closure}()
#21 /opt/lampp/htdocs/Dapin-CMS/vendor/laravel/framework/src/Illuminate/Container/BoundMethod.php(93): Illuminate\\Container\\Util::unwrapIfClosure(Object(Closure))
#22 /opt/lampp/htdocs/Dapin-CMS/vendor/laravel/framework/src/Illuminate/Container/BoundMethod.php(35): Illuminate\\Container\\BoundMethod::callBoundMethod(Object(Illuminate\\Foundation\\Application), Array, Object(Closure))
#23 /opt/lampp/htdocs/Dapin-CMS/vendor/laravel/framework/src/Illuminate/Container/Container.php(661): Illuminate\\Container\\BoundMethod::call(Object(Illuminate\\Foundation\\Application), Array, Array, NULL)
#24 /opt/lampp/htdocs/Dapin-CMS/vendor/laravel/framework/src/Illuminate/Foundation/Application.php(954): Illuminate\\Container\\Container->call(Array)
#25 /opt/lampp/htdocs/Dapin-CMS/vendor/laravel/framework/src/Illuminate/Foundation/Application.php(935): Illuminate\\Foundation\\Application->bootProvider(Object(App\\Providers\\AppServiceProvider))
#26 [internal function]: Illuminate\\Foundation\\Application->Illuminate\\Foundation\\{closure}(Object(App\\Providers\\AppServiceProvider), 39)
#27 /opt/lampp/htdocs/Dapin-CMS/vendor/laravel/framework/src/Illuminate/Foundation/Application.php(934): array_walk(Array, Object(Closure))
#28 /opt/lampp/htdocs/Dapin-CMS/vendor/laravel/framework/src/Illuminate/Foundation/Bootstrap/BootProviders.php(17): Illuminate\\Foundation\\Application->boot()
#29 /opt/lampp/htdocs/Dapin-CMS/vendor/laravel/framework/src/Illuminate/Foundation/Application.php(265): Illuminate\\Foundation\\Bootstrap\\BootProviders->bootstrap(Object(Illuminate\\Foundation\\Application))
#30 /opt/lampp/htdocs/Dapin-CMS/vendor/laravel/framework/src/Illuminate/Foundation/Console/Kernel.php(383): Illuminate\\Foundation\\Application->bootstrapWith(Array)
#31 /opt/lampp/htdocs/Dapin-CMS/vendor/laravel/framework/src/Illuminate/Foundation/Console/Kernel.php(153): Illuminate\\Foundation\\Console\\Kernel->bootstrap()
#32 /opt/lampp/htdocs/Dapin-CMS/artisan(35): Illuminate\\Foundation\\Console\\Kernel->handle(Object(Symfony\\Component\\Console\\Input\\ArgvInput), Object(Symfony\\Component\\Console\\Output\\ConsoleOutput))
#33 {main}
"} 
[2025-08-15 12:33:37] local.ERROR: SQLSTATE[HY000] [1049] Unknown database 'college' (SQL: select * from `languages` where `status` = 1) {"exception":"[object] (Illuminate\\Database\\QueryException(code: 1049): SQLSTATE[HY000] [1049] Unknown database 'college' (SQL: select * from `languages` where `status` = 1) at /opt/lampp/htdocs/Dapin-CMS/vendor/laravel/framework/src/Illuminate/Database/Connection.php:760)
[stacktrace]
#0 /opt/lampp/htdocs/Dapin-CMS/vendor/laravel/framework/src/Illuminate/Database/Connection.php(720): Illuminate\\Database\\Connection->runQueryCallback('select * from `...', Array, Object(Closure))
#1 /opt/lampp/htdocs/Dapin-CMS/vendor/laravel/framework/src/Illuminate/Database/Connection.php(405): Illuminate\\Database\\Connection->run('select * from `...', Array, Object(Closure))
#2 /opt/lampp/htdocs/Dapin-CMS/vendor/laravel/framework/src/Illuminate/Database/Query/Builder.php(2705): Illuminate\\Database\\Connection->select('select * from `...', Array, true)
#3 /opt/lampp/htdocs/Dapin-CMS/vendor/laravel/framework/src/Illuminate/Database/Query/Builder.php(2694): Illuminate\\Database\\Query\\Builder->runSelect()
#4 /opt/lampp/htdocs/Dapin-CMS/vendor/laravel/framework/src/Illuminate/Database/Query/Builder.php(3230): Illuminate\\Database\\Query\\Builder->Illuminate\\Database\\Query\\{closure}()
#5 /opt/lampp/htdocs/Dapin-CMS/vendor/laravel/framework/src/Illuminate/Database/Query/Builder.php(2693): Illuminate\\Database\\Query\\Builder->onceWithColumns(Array, Object(Closure))
#6 /opt/lampp/htdocs/Dapin-CMS/vendor/laravel/framework/src/Illuminate/Database/Eloquent/Builder.php(710): Illuminate\\Database\\Query\\Builder->get(Array)
#7 /opt/lampp/htdocs/Dapin-CMS/vendor/laravel/framework/src/Illuminate/Database/Eloquent/Builder.php(694): Illuminate\\Database\\Eloquent\\Builder->getModels(Array)
#8 /opt/lampp/htdocs/Dapin-CMS/app/Providers/AppServiceProvider.php(39): Illuminate\\Database\\Eloquent\\Builder->get()
#9 /opt/lampp/htdocs/Dapin-CMS/vendor/laravel/framework/src/Illuminate/Container/BoundMethod.php(36): App\\Providers\\AppServiceProvider->boot()
#10 /opt/lampp/htdocs/Dapin-CMS/vendor/laravel/framework/src/Illuminate/Container/Util.php(41): Illuminate\\Container\\BoundMethod::Illuminate\\Container\\{closure}()
#11 /opt/lampp/htdocs/Dapin-CMS/vendor/laravel/framework/src/Illuminate/Container/BoundMethod.php(93): Illuminate\\Container\\Util::unwrapIfClosure(Object(Closure))
#12 /opt/lampp/htdocs/Dapin-CMS/vendor/laravel/framework/src/Illuminate/Container/BoundMethod.php(35): Illuminate\\Container\\BoundMethod::callBoundMethod(Object(Illuminate\\Foundation\\Application), Array, Object(Closure))
#13 /opt/lampp/htdocs/Dapin-CMS/vendor/laravel/framework/src/Illuminate/Container/Container.php(661): Illuminate\\Container\\BoundMethod::call(Object(Illuminate\\Foundation\\Application), Array, Array, NULL)
#14 /opt/lampp/htdocs/Dapin-CMS/vendor/laravel/framework/src/Illuminate/Foundation/Application.php(954): Illuminate\\Container\\Container->call(Array)
#15 /opt/lampp/htdocs/Dapin-CMS/vendor/laravel/framework/src/Illuminate/Foundation/Application.php(935): Illuminate\\Foundation\\Application->bootProvider(Object(App\\Providers\\AppServiceProvider))
#16 [internal function]: Illuminate\\Foundation\\Application->Illuminate\\Foundation\\{closure}(Object(App\\Providers\\AppServiceProvider), 39)
#17 /opt/lampp/htdocs/Dapin-CMS/vendor/laravel/framework/src/Illuminate/Foundation/Application.php(934): array_walk(Array, Object(Closure))
#18 /opt/lampp/htdocs/Dapin-CMS/vendor/laravel/framework/src/Illuminate/Foundation/Bootstrap/BootProviders.php(17): Illuminate\\Foundation\\Application->boot()
#19 /opt/lampp/htdocs/Dapin-CMS/vendor/laravel/framework/src/Illuminate/Foundation/Application.php(265): Illuminate\\Foundation\\Bootstrap\\BootProviders->bootstrap(Object(Illuminate\\Foundation\\Application))
#20 /opt/lampp/htdocs/Dapin-CMS/vendor/laravel/framework/src/Illuminate/Foundation/Console/Kernel.php(383): Illuminate\\Foundation\\Application->bootstrapWith(Array)
#21 /opt/lampp/htdocs/Dapin-CMS/vendor/laravel/framework/src/Illuminate/Foundation/Console/Kernel.php(153): Illuminate\\Foundation\\Console\\Kernel->bootstrap()
#22 /opt/lampp/htdocs/Dapin-CMS/artisan(35): Illuminate\\Foundation\\Console\\Kernel->handle(Object(Symfony\\Component\\Console\\Input\\ArgvInput), Object(Symfony\\Component\\Console\\Output\\ConsoleOutput))
#23 {main}

[previous exception] [object] (PDOException(code: 1049): SQLSTATE[HY000] [1049] Unknown database 'college' at /opt/lampp/htdocs/Dapin-CMS/vendor/laravel/framework/src/Illuminate/Database/Connectors/Connector.php:70)
[stacktrace]
#0 /opt/lampp/htdocs/Dapin-CMS/vendor/laravel/framework/src/Illuminate/Database/Connectors/Connector.php(70): PDO->__construct('mysql:host=127....', 'root', Object(SensitiveParameterValue), Array)
#1 /opt/lampp/htdocs/Dapin-CMS/vendor/laravel/framework/src/Illuminate/Database/Connectors/Connector.php(45): Illuminate\\Database\\Connectors\\Connector->createPdoConnection('mysql:host=127....', 'root', '', Array)
#2 /opt/lampp/htdocs/Dapin-CMS/vendor/laravel/framework/src/Illuminate/Database/Connectors/MySqlConnector.php(24): Illuminate\\Database\\Connectors\\Connector->createConnection('mysql:host=127....', Array, Array)
#3 /opt/lampp/htdocs/Dapin-CMS/vendor/laravel/framework/src/Illuminate/Database/Connectors/ConnectionFactory.php(184): Illuminate\\Database\\Connectors\\MySqlConnector->connect(Array)
#4 [internal function]: Illuminate\\Database\\Connectors\\ConnectionFactory->Illuminate\\Database\\Connectors\\{closure}()
#5 /opt/lampp/htdocs/Dapin-CMS/vendor/laravel/framework/src/Illuminate/Database/Connection.php(1181): call_user_func(Object(Closure))
#6 /opt/lampp/htdocs/Dapin-CMS/vendor/laravel/framework/src/Illuminate/Database/Connection.php(1217): Illuminate\\Database\\Connection->getPdo()
#7 /opt/lampp/htdocs/Dapin-CMS/vendor/laravel/framework/src/Illuminate/Database/Connection.php(486): Illuminate\\Database\\Connection->getReadPdo()
#8 /opt/lampp/htdocs/Dapin-CMS/vendor/laravel/framework/src/Illuminate/Database/Connection.php(414): Illuminate\\Database\\Connection->getPdoForSelect(true)
#9 /opt/lampp/htdocs/Dapin-CMS/vendor/laravel/framework/src/Illuminate/Database/Connection.php(753): Illuminate\\Database\\Connection->Illuminate\\Database\\{closure}('select * from `...', Array)
#10 /opt/lampp/htdocs/Dapin-CMS/vendor/laravel/framework/src/Illuminate/Database/Connection.php(720): Illuminate\\Database\\Connection->runQueryCallback('select * from `...', Array, Object(Closure))
#11 /opt/lampp/htdocs/Dapin-CMS/vendor/laravel/framework/src/Illuminate/Database/Connection.php(405): Illuminate\\Database\\Connection->run('select * from `...', Array, Object(Closure))
#12 /opt/lampp/htdocs/Dapin-CMS/vendor/laravel/framework/src/Illuminate/Database/Query/Builder.php(2705): Illuminate\\Database\\Connection->select('select * from `...', Array, true)
#13 /opt/lampp/htdocs/Dapin-CMS/vendor/laravel/framework/src/Illuminate/Database/Query/Builder.php(2694): Illuminate\\Database\\Query\\Builder->runSelect()
#14 /opt/lampp/htdocs/Dapin-CMS/vendor/laravel/framework/src/Illuminate/Database/Query/Builder.php(3230): Illuminate\\Database\\Query\\Builder->Illuminate\\Database\\Query\\{closure}()
#15 /opt/lampp/htdocs/Dapin-CMS/vendor/laravel/framework/src/Illuminate/Database/Query/Builder.php(2693): Illuminate\\Database\\Query\\Builder->onceWithColumns(Array, Object(Closure))
#16 /opt/lampp/htdocs/Dapin-CMS/vendor/laravel/framework/src/Illuminate/Database/Eloquent/Builder.php(710): Illuminate\\Database\\Query\\Builder->get(Array)
#17 /opt/lampp/htdocs/Dapin-CMS/vendor/laravel/framework/src/Illuminate/Database/Eloquent/Builder.php(694): Illuminate\\Database\\Eloquent\\Builder->getModels(Array)
#18 /opt/lampp/htdocs/Dapin-CMS/app/Providers/AppServiceProvider.php(39): Illuminate\\Database\\Eloquent\\Builder->get()
#19 /opt/lampp/htdocs/Dapin-CMS/vendor/laravel/framework/src/Illuminate/Container/BoundMethod.php(36): App\\Providers\\AppServiceProvider->boot()
#20 /opt/lampp/htdocs/Dapin-CMS/vendor/laravel/framework/src/Illuminate/Container/Util.php(41): Illuminate\\Container\\BoundMethod::Illuminate\\Container\\{closure}()
#21 /opt/lampp/htdocs/Dapin-CMS/vendor/laravel/framework/src/Illuminate/Container/BoundMethod.php(93): Illuminate\\Container\\Util::unwrapIfClosure(Object(Closure))
#22 /opt/lampp/htdocs/Dapin-CMS/vendor/laravel/framework/src/Illuminate/Container/BoundMethod.php(35): Illuminate\\Container\\BoundMethod::callBoundMethod(Object(Illuminate\\Foundation\\Application), Array, Object(Closure))
#23 /opt/lampp/htdocs/Dapin-CMS/vendor/laravel/framework/src/Illuminate/Container/Container.php(661): Illuminate\\Container\\BoundMethod::call(Object(Illuminate\\Foundation\\Application), Array, Array, NULL)
#24 /opt/lampp/htdocs/Dapin-CMS/vendor/laravel/framework/src/Illuminate/Foundation/Application.php(954): Illuminate\\Container\\Container->call(Array)
#25 /opt/lampp/htdocs/Dapin-CMS/vendor/laravel/framework/src/Illuminate/Foundation/Application.php(935): Illuminate\\Foundation\\Application->bootProvider(Object(App\\Providers\\AppServiceProvider))
#26 [internal function]: Illuminate\\Foundation\\Application->Illuminate\\Foundation\\{closure}(Object(App\\Providers\\AppServiceProvider), 39)
#27 /opt/lampp/htdocs/Dapin-CMS/vendor/laravel/framework/src/Illuminate/Foundation/Application.php(934): array_walk(Array, Object(Closure))
#28 /opt/lampp/htdocs/Dapin-CMS/vendor/laravel/framework/src/Illuminate/Foundation/Bootstrap/BootProviders.php(17): Illuminate\\Foundation\\Application->boot()
#29 /opt/lampp/htdocs/Dapin-CMS/vendor/laravel/framework/src/Illuminate/Foundation/Application.php(265): Illuminate\\Foundation\\Bootstrap\\BootProviders->bootstrap(Object(Illuminate\\Foundation\\Application))
#30 /opt/lampp/htdocs/Dapin-CMS/vendor/laravel/framework/src/Illuminate/Foundation/Console/Kernel.php(383): Illuminate\\Foundation\\Application->bootstrapWith(Array)
#31 /opt/lampp/htdocs/Dapin-CMS/vendor/laravel/framework/src/Illuminate/Foundation/Console/Kernel.php(153): Illuminate\\Foundation\\Console\\Kernel->bootstrap()
#32 /opt/lampp/htdocs/Dapin-CMS/artisan(35): Illuminate\\Foundation\\Console\\Kernel->handle(Object(Symfony\\Component\\Console\\Input\\ArgvInput), Object(Symfony\\Component\\Console\\Output\\ConsoleOutput))
#33 {main}
"} 
[2025-08-15 12:33:50] local.ERROR: SQLSTATE[HY000] [1049] Unknown database 'college' (SQL: select * from `languages` where `status` = 1) {"exception":"[object] (Illuminate\\Database\\QueryException(code: 1049): SQLSTATE[HY000] [1049] Unknown database 'college' (SQL: select * from `languages` where `status` = 1) at /opt/lampp/htdocs/Dapin-CMS/vendor/laravel/framework/src/Illuminate/Database/Connection.php:760)
[stacktrace]
#0 /opt/lampp/htdocs/Dapin-CMS/vendor/laravel/framework/src/Illuminate/Database/Connection.php(720): Illuminate\\Database\\Connection->runQueryCallback('select * from `...', Array, Object(Closure))
#1 /opt/lampp/htdocs/Dapin-CMS/vendor/laravel/framework/src/Illuminate/Database/Connection.php(405): Illuminate\\Database\\Connection->run('select * from `...', Array, Object(Closure))
#2 /opt/lampp/htdocs/Dapin-CMS/vendor/laravel/framework/src/Illuminate/Database/Query/Builder.php(2705): Illuminate\\Database\\Connection->select('select * from `...', Array, true)
#3 /opt/lampp/htdocs/Dapin-CMS/vendor/laravel/framework/src/Illuminate/Database/Query/Builder.php(2694): Illuminate\\Database\\Query\\Builder->runSelect()
#4 /opt/lampp/htdocs/Dapin-CMS/vendor/laravel/framework/src/Illuminate/Database/Query/Builder.php(3230): Illuminate\\Database\\Query\\Builder->Illuminate\\Database\\Query\\{closure}()
#5 /opt/lampp/htdocs/Dapin-CMS/vendor/laravel/framework/src/Illuminate/Database/Query/Builder.php(2693): Illuminate\\Database\\Query\\Builder->onceWithColumns(Array, Object(Closure))
#6 /opt/lampp/htdocs/Dapin-CMS/vendor/laravel/framework/src/Illuminate/Database/Eloquent/Builder.php(710): Illuminate\\Database\\Query\\Builder->get(Array)
#7 /opt/lampp/htdocs/Dapin-CMS/vendor/laravel/framework/src/Illuminate/Database/Eloquent/Builder.php(694): Illuminate\\Database\\Eloquent\\Builder->getModels(Array)
#8 /opt/lampp/htdocs/Dapin-CMS/app/Providers/AppServiceProvider.php(39): Illuminate\\Database\\Eloquent\\Builder->get()
#9 /opt/lampp/htdocs/Dapin-CMS/vendor/laravel/framework/src/Illuminate/Container/BoundMethod.php(36): App\\Providers\\AppServiceProvider->boot()
#10 /opt/lampp/htdocs/Dapin-CMS/vendor/laravel/framework/src/Illuminate/Container/Util.php(41): Illuminate\\Container\\BoundMethod::Illuminate\\Container\\{closure}()
#11 /opt/lampp/htdocs/Dapin-CMS/vendor/laravel/framework/src/Illuminate/Container/BoundMethod.php(93): Illuminate\\Container\\Util::unwrapIfClosure(Object(Closure))
#12 /opt/lampp/htdocs/Dapin-CMS/vendor/laravel/framework/src/Illuminate/Container/BoundMethod.php(35): Illuminate\\Container\\BoundMethod::callBoundMethod(Object(Illuminate\\Foundation\\Application), Array, Object(Closure))
#13 /opt/lampp/htdocs/Dapin-CMS/vendor/laravel/framework/src/Illuminate/Container/Container.php(661): Illuminate\\Container\\BoundMethod::call(Object(Illuminate\\Foundation\\Application), Array, Array, NULL)
#14 /opt/lampp/htdocs/Dapin-CMS/vendor/laravel/framework/src/Illuminate/Foundation/Application.php(954): Illuminate\\Container\\Container->call(Array)
#15 /opt/lampp/htdocs/Dapin-CMS/vendor/laravel/framework/src/Illuminate/Foundation/Application.php(935): Illuminate\\Foundation\\Application->bootProvider(Object(App\\Providers\\AppServiceProvider))
#16 [internal function]: Illuminate\\Foundation\\Application->Illuminate\\Foundation\\{closure}(Object(App\\Providers\\AppServiceProvider), 39)
#17 /opt/lampp/htdocs/Dapin-CMS/vendor/laravel/framework/src/Illuminate/Foundation/Application.php(934): array_walk(Array, Object(Closure))
#18 /opt/lampp/htdocs/Dapin-CMS/vendor/laravel/framework/src/Illuminate/Foundation/Bootstrap/BootProviders.php(17): Illuminate\\Foundation\\Application->boot()
#19 /opt/lampp/htdocs/Dapin-CMS/vendor/laravel/framework/src/Illuminate/Foundation/Application.php(265): Illuminate\\Foundation\\Bootstrap\\BootProviders->bootstrap(Object(Illuminate\\Foundation\\Application))
#20 /opt/lampp/htdocs/Dapin-CMS/vendor/laravel/framework/src/Illuminate/Foundation/Console/Kernel.php(383): Illuminate\\Foundation\\Application->bootstrapWith(Array)
#21 /opt/lampp/htdocs/Dapin-CMS/vendor/laravel/framework/src/Illuminate/Foundation/Console/Kernel.php(153): Illuminate\\Foundation\\Console\\Kernel->bootstrap()
#22 /opt/lampp/htdocs/Dapin-CMS/artisan(35): Illuminate\\Foundation\\Console\\Kernel->handle(Object(Symfony\\Component\\Console\\Input\\ArgvInput), Object(Symfony\\Component\\Console\\Output\\ConsoleOutput))
#23 {main}

[previous exception] [object] (PDOException(code: 1049): SQLSTATE[HY000] [1049] Unknown database 'college' at /opt/lampp/htdocs/Dapin-CMS/vendor/laravel/framework/src/Illuminate/Database/Connectors/Connector.php:70)
[stacktrace]
#0 /opt/lampp/htdocs/Dapin-CMS/vendor/laravel/framework/src/Illuminate/Database/Connectors/Connector.php(70): PDO->__construct('mysql:host=127....', 'root', Object(SensitiveParameterValue), Array)
#1 /opt/lampp/htdocs/Dapin-CMS/vendor/laravel/framework/src/Illuminate/Database/Connectors/Connector.php(45): Illuminate\\Database\\Connectors\\Connector->createPdoConnection('mysql:host=127....', 'root', '', Array)
#2 /opt/lampp/htdocs/Dapin-CMS/vendor/laravel/framework/src/Illuminate/Database/Connectors/MySqlConnector.php(24): Illuminate\\Database\\Connectors\\Connector->createConnection('mysql:host=127....', Array, Array)
#3 /opt/lampp/htdocs/Dapin-CMS/vendor/laravel/framework/src/Illuminate/Database/Connectors/ConnectionFactory.php(184): Illuminate\\Database\\Connectors\\MySqlConnector->connect(Array)
#4 [internal function]: Illuminate\\Database\\Connectors\\ConnectionFactory->Illuminate\\Database\\Connectors\\{closure}()
#5 /opt/lampp/htdocs/Dapin-CMS/vendor/laravel/framework/src/Illuminate/Database/Connection.php(1181): call_user_func(Object(Closure))
#6 /opt/lampp/htdocs/Dapin-CMS/vendor/laravel/framework/src/Illuminate/Database/Connection.php(1217): Illuminate\\Database\\Connection->getPdo()
#7 /opt/lampp/htdocs/Dapin-CMS/vendor/laravel/framework/src/Illuminate/Database/Connection.php(486): Illuminate\\Database\\Connection->getReadPdo()
#8 /opt/lampp/htdocs/Dapin-CMS/vendor/laravel/framework/src/Illuminate/Database/Connection.php(414): Illuminate\\Database\\Connection->getPdoForSelect(true)
#9 /opt/lampp/htdocs/Dapin-CMS/vendor/laravel/framework/src/Illuminate/Database/Connection.php(753): Illuminate\\Database\\Connection->Illuminate\\Database\\{closure}('select * from `...', Array)
#10 /opt/lampp/htdocs/Dapin-CMS/vendor/laravel/framework/src/Illuminate/Database/Connection.php(720): Illuminate\\Database\\Connection->runQueryCallback('select * from `...', Array, Object(Closure))
#11 /opt/lampp/htdocs/Dapin-CMS/vendor/laravel/framework/src/Illuminate/Database/Connection.php(405): Illuminate\\Database\\Connection->run('select * from `...', Array, Object(Closure))
#12 /opt/lampp/htdocs/Dapin-CMS/vendor/laravel/framework/src/Illuminate/Database/Query/Builder.php(2705): Illuminate\\Database\\Connection->select('select * from `...', Array, true)
#13 /opt/lampp/htdocs/Dapin-CMS/vendor/laravel/framework/src/Illuminate/Database/Query/Builder.php(2694): Illuminate\\Database\\Query\\Builder->runSelect()
#14 /opt/lampp/htdocs/Dapin-CMS/vendor/laravel/framework/src/Illuminate/Database/Query/Builder.php(3230): Illuminate\\Database\\Query\\Builder->Illuminate\\Database\\Query\\{closure}()
#15 /opt/lampp/htdocs/Dapin-CMS/vendor/laravel/framework/src/Illuminate/Database/Query/Builder.php(2693): Illuminate\\Database\\Query\\Builder->onceWithColumns(Array, Object(Closure))
#16 /opt/lampp/htdocs/Dapin-CMS/vendor/laravel/framework/src/Illuminate/Database/Eloquent/Builder.php(710): Illuminate\\Database\\Query\\Builder->get(Array)
#17 /opt/lampp/htdocs/Dapin-CMS/vendor/laravel/framework/src/Illuminate/Database/Eloquent/Builder.php(694): Illuminate\\Database\\Eloquent\\Builder->getModels(Array)
#18 /opt/lampp/htdocs/Dapin-CMS/app/Providers/AppServiceProvider.php(39): Illuminate\\Database\\Eloquent\\Builder->get()
#19 /opt/lampp/htdocs/Dapin-CMS/vendor/laravel/framework/src/Illuminate/Container/BoundMethod.php(36): App\\Providers\\AppServiceProvider->boot()
#20 /opt/lampp/htdocs/Dapin-CMS/vendor/laravel/framework/src/Illuminate/Container/Util.php(41): Illuminate\\Container\\BoundMethod::Illuminate\\Container\\{closure}()
#21 /opt/lampp/htdocs/Dapin-CMS/vendor/laravel/framework/src/Illuminate/Container/BoundMethod.php(93): Illuminate\\Container\\Util::unwrapIfClosure(Object(Closure))
#22 /opt/lampp/htdocs/Dapin-CMS/vendor/laravel/framework/src/Illuminate/Container/BoundMethod.php(35): Illuminate\\Container\\BoundMethod::callBoundMethod(Object(Illuminate\\Foundation\\Application), Array, Object(Closure))
#23 /opt/lampp/htdocs/Dapin-CMS/vendor/laravel/framework/src/Illuminate/Container/Container.php(661): Illuminate\\Container\\BoundMethod::call(Object(Illuminate\\Foundation\\Application), Array, Array, NULL)
#24 /opt/lampp/htdocs/Dapin-CMS/vendor/laravel/framework/src/Illuminate/Foundation/Application.php(954): Illuminate\\Container\\Container->call(Array)
#25 /opt/lampp/htdocs/Dapin-CMS/vendor/laravel/framework/src/Illuminate/Foundation/Application.php(935): Illuminate\\Foundation\\Application->bootProvider(Object(App\\Providers\\AppServiceProvider))
#26 [internal function]: Illuminate\\Foundation\\Application->Illuminate\\Foundation\\{closure}(Object(App\\Providers\\AppServiceProvider), 39)
#27 /opt/lampp/htdocs/Dapin-CMS/vendor/laravel/framework/src/Illuminate/Foundation/Application.php(934): array_walk(Array, Object(Closure))
#28 /opt/lampp/htdocs/Dapin-CMS/vendor/laravel/framework/src/Illuminate/Foundation/Bootstrap/BootProviders.php(17): Illuminate\\Foundation\\Application->boot()
#29 /opt/lampp/htdocs/Dapin-CMS/vendor/laravel/framework/src/Illuminate/Foundation/Application.php(265): Illuminate\\Foundation\\Bootstrap\\BootProviders->bootstrap(Object(Illuminate\\Foundation\\Application))
#30 /opt/lampp/htdocs/Dapin-CMS/vendor/laravel/framework/src/Illuminate/Foundation/Console/Kernel.php(383): Illuminate\\Foundation\\Application->bootstrapWith(Array)
#31 /opt/lampp/htdocs/Dapin-CMS/vendor/laravel/framework/src/Illuminate/Foundation/Console/Kernel.php(153): Illuminate\\Foundation\\Console\\Kernel->bootstrap()
#32 /opt/lampp/htdocs/Dapin-CMS/artisan(35): Illuminate\\Foundation\\Console\\Kernel->handle(Object(Symfony\\Component\\Console\\Input\\ArgvInput), Object(Symfony\\Component\\Console\\Output\\ConsoleOutput))
#33 {main}
"} 
[2025-08-15 12:34:51] local.ERROR: SQLSTATE[HY000] [1049] Unknown database 'college' (SQL: select * from `languages` where `status` = 1) {"exception":"[object] (Illuminate\\Database\\QueryException(code: 1049): SQLSTATE[HY000] [1049] Unknown database 'college' (SQL: select * from `languages` where `status` = 1) at /opt/lampp/htdocs/Dapin-CMS/vendor/laravel/framework/src/Illuminate/Database/Connection.php:760)
[stacktrace]
#0 /opt/lampp/htdocs/Dapin-CMS/vendor/laravel/framework/src/Illuminate/Database/Connection.php(720): Illuminate\\Database\\Connection->runQueryCallback('select * from `...', Array, Object(Closure))
#1 /opt/lampp/htdocs/Dapin-CMS/vendor/laravel/framework/src/Illuminate/Database/Connection.php(405): Illuminate\\Database\\Connection->run('select * from `...', Array, Object(Closure))
#2 /opt/lampp/htdocs/Dapin-CMS/vendor/laravel/framework/src/Illuminate/Database/Query/Builder.php(2705): Illuminate\\Database\\Connection->select('select * from `...', Array, true)
#3 /opt/lampp/htdocs/Dapin-CMS/vendor/laravel/framework/src/Illuminate/Database/Query/Builder.php(2694): Illuminate\\Database\\Query\\Builder->runSelect()
#4 /opt/lampp/htdocs/Dapin-CMS/vendor/laravel/framework/src/Illuminate/Database/Query/Builder.php(3230): Illuminate\\Database\\Query\\Builder->Illuminate\\Database\\Query\\{closure}()
#5 /opt/lampp/htdocs/Dapin-CMS/vendor/laravel/framework/src/Illuminate/Database/Query/Builder.php(2693): Illuminate\\Database\\Query\\Builder->onceWithColumns(Array, Object(Closure))
#6 /opt/lampp/htdocs/Dapin-CMS/vendor/laravel/framework/src/Illuminate/Database/Eloquent/Builder.php(710): Illuminate\\Database\\Query\\Builder->get(Array)
#7 /opt/lampp/htdocs/Dapin-CMS/vendor/laravel/framework/src/Illuminate/Database/Eloquent/Builder.php(694): Illuminate\\Database\\Eloquent\\Builder->getModels(Array)
#8 /opt/lampp/htdocs/Dapin-CMS/app/Providers/AppServiceProvider.php(39): Illuminate\\Database\\Eloquent\\Builder->get()
#9 /opt/lampp/htdocs/Dapin-CMS/vendor/laravel/framework/src/Illuminate/Container/BoundMethod.php(36): App\\Providers\\AppServiceProvider->boot()
#10 /opt/lampp/htdocs/Dapin-CMS/vendor/laravel/framework/src/Illuminate/Container/Util.php(41): Illuminate\\Container\\BoundMethod::Illuminate\\Container\\{closure}()
#11 /opt/lampp/htdocs/Dapin-CMS/vendor/laravel/framework/src/Illuminate/Container/BoundMethod.php(93): Illuminate\\Container\\Util::unwrapIfClosure(Object(Closure))
#12 /opt/lampp/htdocs/Dapin-CMS/vendor/laravel/framework/src/Illuminate/Container/BoundMethod.php(35): Illuminate\\Container\\BoundMethod::callBoundMethod(Object(Illuminate\\Foundation\\Application), Array, Object(Closure))
#13 /opt/lampp/htdocs/Dapin-CMS/vendor/laravel/framework/src/Illuminate/Container/Container.php(661): Illuminate\\Container\\BoundMethod::call(Object(Illuminate\\Foundation\\Application), Array, Array, NULL)
#14 /opt/lampp/htdocs/Dapin-CMS/vendor/laravel/framework/src/Illuminate/Foundation/Application.php(954): Illuminate\\Container\\Container->call(Array)
#15 /opt/lampp/htdocs/Dapin-CMS/vendor/laravel/framework/src/Illuminate/Foundation/Application.php(935): Illuminate\\Foundation\\Application->bootProvider(Object(App\\Providers\\AppServiceProvider))
#16 [internal function]: Illuminate\\Foundation\\Application->Illuminate\\Foundation\\{closure}(Object(App\\Providers\\AppServiceProvider), 39)
#17 /opt/lampp/htdocs/Dapin-CMS/vendor/laravel/framework/src/Illuminate/Foundation/Application.php(934): array_walk(Array, Object(Closure))
#18 /opt/lampp/htdocs/Dapin-CMS/vendor/laravel/framework/src/Illuminate/Foundation/Bootstrap/BootProviders.php(17): Illuminate\\Foundation\\Application->boot()
#19 /opt/lampp/htdocs/Dapin-CMS/vendor/laravel/framework/src/Illuminate/Foundation/Application.php(265): Illuminate\\Foundation\\Bootstrap\\BootProviders->bootstrap(Object(Illuminate\\Foundation\\Application))
#20 /opt/lampp/htdocs/Dapin-CMS/vendor/laravel/framework/src/Illuminate/Foundation/Console/Kernel.php(383): Illuminate\\Foundation\\Application->bootstrapWith(Array)
#21 /opt/lampp/htdocs/Dapin-CMS/vendor/laravel/framework/src/Illuminate/Foundation/Console/Kernel.php(153): Illuminate\\Foundation\\Console\\Kernel->bootstrap()
#22 /opt/lampp/htdocs/Dapin-CMS/artisan(35): Illuminate\\Foundation\\Console\\Kernel->handle(Object(Symfony\\Component\\Console\\Input\\ArgvInput), Object(Symfony\\Component\\Console\\Output\\ConsoleOutput))
#23 {main}

[previous exception] [object] (PDOException(code: 1049): SQLSTATE[HY000] [1049] Unknown database 'college' at /opt/lampp/htdocs/Dapin-CMS/vendor/laravel/framework/src/Illuminate/Database/Connectors/Connector.php:70)
[stacktrace]
#0 /opt/lampp/htdocs/Dapin-CMS/vendor/laravel/framework/src/Illuminate/Database/Connectors/Connector.php(70): PDO->__construct('mysql:host=127....', 'root', Object(SensitiveParameterValue), Array)
#1 /opt/lampp/htdocs/Dapin-CMS/vendor/laravel/framework/src/Illuminate/Database/Connectors/Connector.php(45): Illuminate\\Database\\Connectors\\Connector->createPdoConnection('mysql:host=127....', 'root', '', Array)
#2 /opt/lampp/htdocs/Dapin-CMS/vendor/laravel/framework/src/Illuminate/Database/Connectors/MySqlConnector.php(24): Illuminate\\Database\\Connectors\\Connector->createConnection('mysql:host=127....', Array, Array)
#3 /opt/lampp/htdocs/Dapin-CMS/vendor/laravel/framework/src/Illuminate/Database/Connectors/ConnectionFactory.php(184): Illuminate\\Database\\Connectors\\MySqlConnector->connect(Array)
#4 [internal function]: Illuminate\\Database\\Connectors\\ConnectionFactory->Illuminate\\Database\\Connectors\\{closure}()
#5 /opt/lampp/htdocs/Dapin-CMS/vendor/laravel/framework/src/Illuminate/Database/Connection.php(1181): call_user_func(Object(Closure))
#6 /opt/lampp/htdocs/Dapin-CMS/vendor/laravel/framework/src/Illuminate/Database/Connection.php(1217): Illuminate\\Database\\Connection->getPdo()
#7 /opt/lampp/htdocs/Dapin-CMS/vendor/laravel/framework/src/Illuminate/Database/Connection.php(486): Illuminate\\Database\\Connection->getReadPdo()
#8 /opt/lampp/htdocs/Dapin-CMS/vendor/laravel/framework/src/Illuminate/Database/Connection.php(414): Illuminate\\Database\\Connection->getPdoForSelect(true)
#9 /opt/lampp/htdocs/Dapin-CMS/vendor/laravel/framework/src/Illuminate/Database/Connection.php(753): Illuminate\\Database\\Connection->Illuminate\\Database\\{closure}('select * from `...', Array)
#10 /opt/lampp/htdocs/Dapin-CMS/vendor/laravel/framework/src/Illuminate/Database/Connection.php(720): Illuminate\\Database\\Connection->runQueryCallback('select * from `...', Array, Object(Closure))
#11 /opt/lampp/htdocs/Dapin-CMS/vendor/laravel/framework/src/Illuminate/Database/Connection.php(405): Illuminate\\Database\\Connection->run('select * from `...', Array, Object(Closure))
#12 /opt/lampp/htdocs/Dapin-CMS/vendor/laravel/framework/src/Illuminate/Database/Query/Builder.php(2705): Illuminate\\Database\\Connection->select('select * from `...', Array, true)
#13 /opt/lampp/htdocs/Dapin-CMS/vendor/laravel/framework/src/Illuminate/Database/Query/Builder.php(2694): Illuminate\\Database\\Query\\Builder->runSelect()
#14 /opt/lampp/htdocs/Dapin-CMS/vendor/laravel/framework/src/Illuminate/Database/Query/Builder.php(3230): Illuminate\\Database\\Query\\Builder->Illuminate\\Database\\Query\\{closure}()
#15 /opt/lampp/htdocs/Dapin-CMS/vendor/laravel/framework/src/Illuminate/Database/Query/Builder.php(2693): Illuminate\\Database\\Query\\Builder->onceWithColumns(Array, Object(Closure))
#16 /opt/lampp/htdocs/Dapin-CMS/vendor/laravel/framework/src/Illuminate/Database/Eloquent/Builder.php(710): Illuminate\\Database\\Query\\Builder->get(Array)
#17 /opt/lampp/htdocs/Dapin-CMS/vendor/laravel/framework/src/Illuminate/Database/Eloquent/Builder.php(694): Illuminate\\Database\\Eloquent\\Builder->getModels(Array)
#18 /opt/lampp/htdocs/Dapin-CMS/app/Providers/AppServiceProvider.php(39): Illuminate\\Database\\Eloquent\\Builder->get()
#19 /opt/lampp/htdocs/Dapin-CMS/vendor/laravel/framework/src/Illuminate/Container/BoundMethod.php(36): App\\Providers\\AppServiceProvider->boot()
#20 /opt/lampp/htdocs/Dapin-CMS/vendor/laravel/framework/src/Illuminate/Container/Util.php(41): Illuminate\\Container\\BoundMethod::Illuminate\\Container\\{closure}()
#21 /opt/lampp/htdocs/Dapin-CMS/vendor/laravel/framework/src/Illuminate/Container/BoundMethod.php(93): Illuminate\\Container\\Util::unwrapIfClosure(Object(Closure))
#22 /opt/lampp/htdocs/Dapin-CMS/vendor/laravel/framework/src/Illuminate/Container/BoundMethod.php(35): Illuminate\\Container\\BoundMethod::callBoundMethod(Object(Illuminate\\Foundation\\Application), Array, Object(Closure))
#23 /opt/lampp/htdocs/Dapin-CMS/vendor/laravel/framework/src/Illuminate/Container/Container.php(661): Illuminate\\Container\\BoundMethod::call(Object(Illuminate\\Foundation\\Application), Array, Array, NULL)
#24 /opt/lampp/htdocs/Dapin-CMS/vendor/laravel/framework/src/Illuminate/Foundation/Application.php(954): Illuminate\\Container\\Container->call(Array)
#25 /opt/lampp/htdocs/Dapin-CMS/vendor/laravel/framework/src/Illuminate/Foundation/Application.php(935): Illuminate\\Foundation\\Application->bootProvider(Object(App\\Providers\\AppServiceProvider))
#26 [internal function]: Illuminate\\Foundation\\Application->Illuminate\\Foundation\\{closure}(Object(App\\Providers\\AppServiceProvider), 39)
#27 /opt/lampp/htdocs/Dapin-CMS/vendor/laravel/framework/src/Illuminate/Foundation/Application.php(934): array_walk(Array, Object(Closure))
#28 /opt/lampp/htdocs/Dapin-CMS/vendor/laravel/framework/src/Illuminate/Foundation/Bootstrap/BootProviders.php(17): Illuminate\\Foundation\\Application->boot()
#29 /opt/lampp/htdocs/Dapin-CMS/vendor/laravel/framework/src/Illuminate/Foundation/Application.php(265): Illuminate\\Foundation\\Bootstrap\\BootProviders->bootstrap(Object(Illuminate\\Foundation\\Application))
#30 /opt/lampp/htdocs/Dapin-CMS/vendor/laravel/framework/src/Illuminate/Foundation/Console/Kernel.php(383): Illuminate\\Foundation\\Application->bootstrapWith(Array)
#31 /opt/lampp/htdocs/Dapin-CMS/vendor/laravel/framework/src/Illuminate/Foundation/Console/Kernel.php(153): Illuminate\\Foundation\\Console\\Kernel->bootstrap()
#32 /opt/lampp/htdocs/Dapin-CMS/artisan(35): Illuminate\\Foundation\\Console\\Kernel->handle(Object(Symfony\\Component\\Console\\Input\\ArgvInput), Object(Symfony\\Component\\Console\\Output\\ConsoleOutput))
#33 {main}
"} 
[2025-08-15 12:34:52] local.ERROR: SQLSTATE[HY000] [1049] Unknown database 'college' (SQL: select * from `languages` where `status` = 1) {"exception":"[object] (Illuminate\\Database\\QueryException(code: 1049): SQLSTATE[HY000] [1049] Unknown database 'college' (SQL: select * from `languages` where `status` = 1) at /opt/lampp/htdocs/Dapin-CMS/vendor/laravel/framework/src/Illuminate/Database/Connection.php:760)
[stacktrace]
#0 /opt/lampp/htdocs/Dapin-CMS/vendor/laravel/framework/src/Illuminate/Database/Connection.php(720): Illuminate\\Database\\Connection->runQueryCallback('select * from `...', Array, Object(Closure))
#1 /opt/lampp/htdocs/Dapin-CMS/vendor/laravel/framework/src/Illuminate/Database/Connection.php(405): Illuminate\\Database\\Connection->run('select * from `...', Array, Object(Closure))
#2 /opt/lampp/htdocs/Dapin-CMS/vendor/laravel/framework/src/Illuminate/Database/Query/Builder.php(2705): Illuminate\\Database\\Connection->select('select * from `...', Array, true)
#3 /opt/lampp/htdocs/Dapin-CMS/vendor/laravel/framework/src/Illuminate/Database/Query/Builder.php(2694): Illuminate\\Database\\Query\\Builder->runSelect()
#4 /opt/lampp/htdocs/Dapin-CMS/vendor/laravel/framework/src/Illuminate/Database/Query/Builder.php(3230): Illuminate\\Database\\Query\\Builder->Illuminate\\Database\\Query\\{closure}()
#5 /opt/lampp/htdocs/Dapin-CMS/vendor/laravel/framework/src/Illuminate/Database/Query/Builder.php(2693): Illuminate\\Database\\Query\\Builder->onceWithColumns(Array, Object(Closure))
#6 /opt/lampp/htdocs/Dapin-CMS/vendor/laravel/framework/src/Illuminate/Database/Eloquent/Builder.php(710): Illuminate\\Database\\Query\\Builder->get(Array)
#7 /opt/lampp/htdocs/Dapin-CMS/vendor/laravel/framework/src/Illuminate/Database/Eloquent/Builder.php(694): Illuminate\\Database\\Eloquent\\Builder->getModels(Array)
#8 /opt/lampp/htdocs/Dapin-CMS/app/Providers/AppServiceProvider.php(39): Illuminate\\Database\\Eloquent\\Builder->get()
#9 /opt/lampp/htdocs/Dapin-CMS/vendor/laravel/framework/src/Illuminate/Container/BoundMethod.php(36): App\\Providers\\AppServiceProvider->boot()
#10 /opt/lampp/htdocs/Dapin-CMS/vendor/laravel/framework/src/Illuminate/Container/Util.php(41): Illuminate\\Container\\BoundMethod::Illuminate\\Container\\{closure}()
#11 /opt/lampp/htdocs/Dapin-CMS/vendor/laravel/framework/src/Illuminate/Container/BoundMethod.php(93): Illuminate\\Container\\Util::unwrapIfClosure(Object(Closure))
#12 /opt/lampp/htdocs/Dapin-CMS/vendor/laravel/framework/src/Illuminate/Container/BoundMethod.php(35): Illuminate\\Container\\BoundMethod::callBoundMethod(Object(Illuminate\\Foundation\\Application), Array, Object(Closure))
#13 /opt/lampp/htdocs/Dapin-CMS/vendor/laravel/framework/src/Illuminate/Container/Container.php(661): Illuminate\\Container\\BoundMethod::call(Object(Illuminate\\Foundation\\Application), Array, Array, NULL)
#14 /opt/lampp/htdocs/Dapin-CMS/vendor/laravel/framework/src/Illuminate/Foundation/Application.php(954): Illuminate\\Container\\Container->call(Array)
#15 /opt/lampp/htdocs/Dapin-CMS/vendor/laravel/framework/src/Illuminate/Foundation/Application.php(935): Illuminate\\Foundation\\Application->bootProvider(Object(App\\Providers\\AppServiceProvider))
#16 [internal function]: Illuminate\\Foundation\\Application->Illuminate\\Foundation\\{closure}(Object(App\\Providers\\AppServiceProvider), 39)
#17 /opt/lampp/htdocs/Dapin-CMS/vendor/laravel/framework/src/Illuminate/Foundation/Application.php(934): array_walk(Array, Object(Closure))
#18 /opt/lampp/htdocs/Dapin-CMS/vendor/laravel/framework/src/Illuminate/Foundation/Bootstrap/BootProviders.php(17): Illuminate\\Foundation\\Application->boot()
#19 /opt/lampp/htdocs/Dapin-CMS/vendor/laravel/framework/src/Illuminate/Foundation/Application.php(265): Illuminate\\Foundation\\Bootstrap\\BootProviders->bootstrap(Object(Illuminate\\Foundation\\Application))
#20 /opt/lampp/htdocs/Dapin-CMS/vendor/laravel/framework/src/Illuminate/Foundation/Console/Kernel.php(383): Illuminate\\Foundation\\Application->bootstrapWith(Array)
#21 /opt/lampp/htdocs/Dapin-CMS/vendor/laravel/framework/src/Illuminate/Foundation/Console/Kernel.php(153): Illuminate\\Foundation\\Console\\Kernel->bootstrap()
#22 /opt/lampp/htdocs/Dapin-CMS/artisan(35): Illuminate\\Foundation\\Console\\Kernel->handle(Object(Symfony\\Component\\Console\\Input\\ArgvInput), Object(Symfony\\Component\\Console\\Output\\ConsoleOutput))
#23 {main}

[previous exception] [object] (PDOException(code: 1049): SQLSTATE[HY000] [1049] Unknown database 'college' at /opt/lampp/htdocs/Dapin-CMS/vendor/laravel/framework/src/Illuminate/Database/Connectors/Connector.php:70)
[stacktrace]
#0 /opt/lampp/htdocs/Dapin-CMS/vendor/laravel/framework/src/Illuminate/Database/Connectors/Connector.php(70): PDO->__construct('mysql:host=127....', 'root', Object(SensitiveParameterValue), Array)
#1 /opt/lampp/htdocs/Dapin-CMS/vendor/laravel/framework/src/Illuminate/Database/Connectors/Connector.php(45): Illuminate\\Database\\Connectors\\Connector->createPdoConnection('mysql:host=127....', 'root', '', Array)
#2 /opt/lampp/htdocs/Dapin-CMS/vendor/laravel/framework/src/Illuminate/Database/Connectors/MySqlConnector.php(24): Illuminate\\Database\\Connectors\\Connector->createConnection('mysql:host=127....', Array, Array)
#3 /opt/lampp/htdocs/Dapin-CMS/vendor/laravel/framework/src/Illuminate/Database/Connectors/ConnectionFactory.php(184): Illuminate\\Database\\Connectors\\MySqlConnector->connect(Array)
#4 [internal function]: Illuminate\\Database\\Connectors\\ConnectionFactory->Illuminate\\Database\\Connectors\\{closure}()
#5 /opt/lampp/htdocs/Dapin-CMS/vendor/laravel/framework/src/Illuminate/Database/Connection.php(1181): call_user_func(Object(Closure))
#6 /opt/lampp/htdocs/Dapin-CMS/vendor/laravel/framework/src/Illuminate/Database/Connection.php(1217): Illuminate\\Database\\Connection->getPdo()
#7 /opt/lampp/htdocs/Dapin-CMS/vendor/laravel/framework/src/Illuminate/Database/Connection.php(486): Illuminate\\Database\\Connection->getReadPdo()
#8 /opt/lampp/htdocs/Dapin-CMS/vendor/laravel/framework/src/Illuminate/Database/Connection.php(414): Illuminate\\Database\\Connection->getPdoForSelect(true)
#9 /opt/lampp/htdocs/Dapin-CMS/vendor/laravel/framework/src/Illuminate/Database/Connection.php(753): Illuminate\\Database\\Connection->Illuminate\\Database\\{closure}('select * from `...', Array)
#10 /opt/lampp/htdocs/Dapin-CMS/vendor/laravel/framework/src/Illuminate/Database/Connection.php(720): Illuminate\\Database\\Connection->runQueryCallback('select * from `...', Array, Object(Closure))
#11 /opt/lampp/htdocs/Dapin-CMS/vendor/laravel/framework/src/Illuminate/Database/Connection.php(405): Illuminate\\Database\\Connection->run('select * from `...', Array, Object(Closure))
#12 /opt/lampp/htdocs/Dapin-CMS/vendor/laravel/framework/src/Illuminate/Database/Query/Builder.php(2705): Illuminate\\Database\\Connection->select('select * from `...', Array, true)
#13 /opt/lampp/htdocs/Dapin-CMS/vendor/laravel/framework/src/Illuminate/Database/Query/Builder.php(2694): Illuminate\\Database\\Query\\Builder->runSelect()
#14 /opt/lampp/htdocs/Dapin-CMS/vendor/laravel/framework/src/Illuminate/Database/Query/Builder.php(3230): Illuminate\\Database\\Query\\Builder->Illuminate\\Database\\Query\\{closure}()
#15 /opt/lampp/htdocs/Dapin-CMS/vendor/laravel/framework/src/Illuminate/Database/Query/Builder.php(2693): Illuminate\\Database\\Query\\Builder->onceWithColumns(Array, Object(Closure))
#16 /opt/lampp/htdocs/Dapin-CMS/vendor/laravel/framework/src/Illuminate/Database/Eloquent/Builder.php(710): Illuminate\\Database\\Query\\Builder->get(Array)
#17 /opt/lampp/htdocs/Dapin-CMS/vendor/laravel/framework/src/Illuminate/Database/Eloquent/Builder.php(694): Illuminate\\Database\\Eloquent\\Builder->getModels(Array)
#18 /opt/lampp/htdocs/Dapin-CMS/app/Providers/AppServiceProvider.php(39): Illuminate\\Database\\Eloquent\\Builder->get()
#19 /opt/lampp/htdocs/Dapin-CMS/vendor/laravel/framework/src/Illuminate/Container/BoundMethod.php(36): App\\Providers\\AppServiceProvider->boot()
#20 /opt/lampp/htdocs/Dapin-CMS/vendor/laravel/framework/src/Illuminate/Container/Util.php(41): Illuminate\\Container\\BoundMethod::Illuminate\\Container\\{closure}()
#21 /opt/lampp/htdocs/Dapin-CMS/vendor/laravel/framework/src/Illuminate/Container/BoundMethod.php(93): Illuminate\\Container\\Util::unwrapIfClosure(Object(Closure))
#22 /opt/lampp/htdocs/Dapin-CMS/vendor/laravel/framework/src/Illuminate/Container/BoundMethod.php(35): Illuminate\\Container\\BoundMethod::callBoundMethod(Object(Illuminate\\Foundation\\Application), Array, Object(Closure))
#23 /opt/lampp/htdocs/Dapin-CMS/vendor/laravel/framework/src/Illuminate/Container/Container.php(661): Illuminate\\Container\\BoundMethod::call(Object(Illuminate\\Foundation\\Application), Array, Array, NULL)
#24 /opt/lampp/htdocs/Dapin-CMS/vendor/laravel/framework/src/Illuminate/Foundation/Application.php(954): Illuminate\\Container\\Container->call(Array)
#25 /opt/lampp/htdocs/Dapin-CMS/vendor/laravel/framework/src/Illuminate/Foundation/Application.php(935): Illuminate\\Foundation\\Application->bootProvider(Object(App\\Providers\\AppServiceProvider))
#26 [internal function]: Illuminate\\Foundation\\Application->Illuminate\\Foundation\\{closure}(Object(App\\Providers\\AppServiceProvider), 39)
#27 /opt/lampp/htdocs/Dapin-CMS/vendor/laravel/framework/src/Illuminate/Foundation/Application.php(934): array_walk(Array, Object(Closure))
#28 /opt/lampp/htdocs/Dapin-CMS/vendor/laravel/framework/src/Illuminate/Foundation/Bootstrap/BootProviders.php(17): Illuminate\\Foundation\\Application->boot()
#29 /opt/lampp/htdocs/Dapin-CMS/vendor/laravel/framework/src/Illuminate/Foundation/Application.php(265): Illuminate\\Foundation\\Bootstrap\\BootProviders->bootstrap(Object(Illuminate\\Foundation\\Application))
#30 /opt/lampp/htdocs/Dapin-CMS/vendor/laravel/framework/src/Illuminate/Foundation/Console/Kernel.php(383): Illuminate\\Foundation\\Application->bootstrapWith(Array)
#31 /opt/lampp/htdocs/Dapin-CMS/vendor/laravel/framework/src/Illuminate/Foundation/Console/Kernel.php(153): Illuminate\\Foundation\\Console\\Kernel->bootstrap()
#32 /opt/lampp/htdocs/Dapin-CMS/artisan(35): Illuminate\\Foundation\\Console\\Kernel->handle(Object(Symfony\\Component\\Console\\Input\\ArgvInput), Object(Symfony\\Component\\Console\\Output\\ConsoleOutput))
#33 {main}
"} 
[2025-08-15 12:34:52] local.ERROR: SQLSTATE[HY000] [1049] Unknown database 'college' (SQL: select * from `languages` where `status` = 1) {"exception":"[object] (Illuminate\\Database\\QueryException(code: 1049): SQLSTATE[HY000] [1049] Unknown database 'college' (SQL: select * from `languages` where `status` = 1) at /opt/lampp/htdocs/Dapin-CMS/vendor/laravel/framework/src/Illuminate/Database/Connection.php:760)
[stacktrace]
#0 /opt/lampp/htdocs/Dapin-CMS/vendor/laravel/framework/src/Illuminate/Database/Connection.php(720): Illuminate\\Database\\Connection->runQueryCallback('select * from `...', Array, Object(Closure))
#1 /opt/lampp/htdocs/Dapin-CMS/vendor/laravel/framework/src/Illuminate/Database/Connection.php(405): Illuminate\\Database\\Connection->run('select * from `...', Array, Object(Closure))
#2 /opt/lampp/htdocs/Dapin-CMS/vendor/laravel/framework/src/Illuminate/Database/Query/Builder.php(2705): Illuminate\\Database\\Connection->select('select * from `...', Array, true)
#3 /opt/lampp/htdocs/Dapin-CMS/vendor/laravel/framework/src/Illuminate/Database/Query/Builder.php(2694): Illuminate\\Database\\Query\\Builder->runSelect()
#4 /opt/lampp/htdocs/Dapin-CMS/vendor/laravel/framework/src/Illuminate/Database/Query/Builder.php(3230): Illuminate\\Database\\Query\\Builder->Illuminate\\Database\\Query\\{closure}()
#5 /opt/lampp/htdocs/Dapin-CMS/vendor/laravel/framework/src/Illuminate/Database/Query/Builder.php(2693): Illuminate\\Database\\Query\\Builder->onceWithColumns(Array, Object(Closure))
#6 /opt/lampp/htdocs/Dapin-CMS/vendor/laravel/framework/src/Illuminate/Database/Eloquent/Builder.php(710): Illuminate\\Database\\Query\\Builder->get(Array)
#7 /opt/lampp/htdocs/Dapin-CMS/vendor/laravel/framework/src/Illuminate/Database/Eloquent/Builder.php(694): Illuminate\\Database\\Eloquent\\Builder->getModels(Array)
#8 /opt/lampp/htdocs/Dapin-CMS/app/Providers/AppServiceProvider.php(39): Illuminate\\Database\\Eloquent\\Builder->get()
#9 /opt/lampp/htdocs/Dapin-CMS/vendor/laravel/framework/src/Illuminate/Container/BoundMethod.php(36): App\\Providers\\AppServiceProvider->boot()
#10 /opt/lampp/htdocs/Dapin-CMS/vendor/laravel/framework/src/Illuminate/Container/Util.php(41): Illuminate\\Container\\BoundMethod::Illuminate\\Container\\{closure}()
#11 /opt/lampp/htdocs/Dapin-CMS/vendor/laravel/framework/src/Illuminate/Container/BoundMethod.php(93): Illuminate\\Container\\Util::unwrapIfClosure(Object(Closure))
#12 /opt/lampp/htdocs/Dapin-CMS/vendor/laravel/framework/src/Illuminate/Container/BoundMethod.php(35): Illuminate\\Container\\BoundMethod::callBoundMethod(Object(Illuminate\\Foundation\\Application), Array, Object(Closure))
#13 /opt/lampp/htdocs/Dapin-CMS/vendor/laravel/framework/src/Illuminate/Container/Container.php(661): Illuminate\\Container\\BoundMethod::call(Object(Illuminate\\Foundation\\Application), Array, Array, NULL)
#14 /opt/lampp/htdocs/Dapin-CMS/vendor/laravel/framework/src/Illuminate/Foundation/Application.php(954): Illuminate\\Container\\Container->call(Array)
#15 /opt/lampp/htdocs/Dapin-CMS/vendor/laravel/framework/src/Illuminate/Foundation/Application.php(935): Illuminate\\Foundation\\Application->bootProvider(Object(App\\Providers\\AppServiceProvider))
#16 [internal function]: Illuminate\\Foundation\\Application->Illuminate\\Foundation\\{closure}(Object(App\\Providers\\AppServiceProvider), 39)
#17 /opt/lampp/htdocs/Dapin-CMS/vendor/laravel/framework/src/Illuminate/Foundation/Application.php(934): array_walk(Array, Object(Closure))
#18 /opt/lampp/htdocs/Dapin-CMS/vendor/laravel/framework/src/Illuminate/Foundation/Bootstrap/BootProviders.php(17): Illuminate\\Foundation\\Application->boot()
#19 /opt/lampp/htdocs/Dapin-CMS/vendor/laravel/framework/src/Illuminate/Foundation/Application.php(265): Illuminate\\Foundation\\Bootstrap\\BootProviders->bootstrap(Object(Illuminate\\Foundation\\Application))
#20 /opt/lampp/htdocs/Dapin-CMS/vendor/laravel/framework/src/Illuminate/Foundation/Console/Kernel.php(383): Illuminate\\Foundation\\Application->bootstrapWith(Array)
#21 /opt/lampp/htdocs/Dapin-CMS/vendor/laravel/framework/src/Illuminate/Foundation/Console/Kernel.php(153): Illuminate\\Foundation\\Console\\Kernel->bootstrap()
#22 /opt/lampp/htdocs/Dapin-CMS/artisan(35): Illuminate\\Foundation\\Console\\Kernel->handle(Object(Symfony\\Component\\Console\\Input\\ArgvInput), Object(Symfony\\Component\\Console\\Output\\ConsoleOutput))
#23 {main}

[previous exception] [object] (PDOException(code: 1049): SQLSTATE[HY000] [1049] Unknown database 'college' at /opt/lampp/htdocs/Dapin-CMS/vendor/laravel/framework/src/Illuminate/Database/Connectors/Connector.php:70)
[stacktrace]
#0 /opt/lampp/htdocs/Dapin-CMS/vendor/laravel/framework/src/Illuminate/Database/Connectors/Connector.php(70): PDO->__construct('mysql:host=127....', 'root', Object(SensitiveParameterValue), Array)
#1 /opt/lampp/htdocs/Dapin-CMS/vendor/laravel/framework/src/Illuminate/Database/Connectors/Connector.php(45): Illuminate\\Database\\Connectors\\Connector->createPdoConnection('mysql:host=127....', 'root', '', Array)
#2 /opt/lampp/htdocs/Dapin-CMS/vendor/laravel/framework/src/Illuminate/Database/Connectors/MySqlConnector.php(24): Illuminate\\Database\\Connectors\\Connector->createConnection('mysql:host=127....', Array, Array)
#3 /opt/lampp/htdocs/Dapin-CMS/vendor/laravel/framework/src/Illuminate/Database/Connectors/ConnectionFactory.php(184): Illuminate\\Database\\Connectors\\MySqlConnector->connect(Array)
#4 [internal function]: Illuminate\\Database\\Connectors\\ConnectionFactory->Illuminate\\Database\\Connectors\\{closure}()
#5 /opt/lampp/htdocs/Dapin-CMS/vendor/laravel/framework/src/Illuminate/Database/Connection.php(1181): call_user_func(Object(Closure))
#6 /opt/lampp/htdocs/Dapin-CMS/vendor/laravel/framework/src/Illuminate/Database/Connection.php(1217): Illuminate\\Database\\Connection->getPdo()
#7 /opt/lampp/htdocs/Dapin-CMS/vendor/laravel/framework/src/Illuminate/Database/Connection.php(486): Illuminate\\Database\\Connection->getReadPdo()
#8 /opt/lampp/htdocs/Dapin-CMS/vendor/laravel/framework/src/Illuminate/Database/Connection.php(414): Illuminate\\Database\\Connection->getPdoForSelect(true)
#9 /opt/lampp/htdocs/Dapin-CMS/vendor/laravel/framework/src/Illuminate/Database/Connection.php(753): Illuminate\\Database\\Connection->Illuminate\\Database\\{closure}('select * from `...', Array)
#10 /opt/lampp/htdocs/Dapin-CMS/vendor/laravel/framework/src/Illuminate/Database/Connection.php(720): Illuminate\\Database\\Connection->runQueryCallback('select * from `...', Array, Object(Closure))
#11 /opt/lampp/htdocs/Dapin-CMS/vendor/laravel/framework/src/Illuminate/Database/Connection.php(405): Illuminate\\Database\\Connection->run('select * from `...', Array, Object(Closure))
#12 /opt/lampp/htdocs/Dapin-CMS/vendor/laravel/framework/src/Illuminate/Database/Query/Builder.php(2705): Illuminate\\Database\\Connection->select('select * from `...', Array, true)
#13 /opt/lampp/htdocs/Dapin-CMS/vendor/laravel/framework/src/Illuminate/Database/Query/Builder.php(2694): Illuminate\\Database\\Query\\Builder->runSelect()
#14 /opt/lampp/htdocs/Dapin-CMS/vendor/laravel/framework/src/Illuminate/Database/Query/Builder.php(3230): Illuminate\\Database\\Query\\Builder->Illuminate\\Database\\Query\\{closure}()
#15 /opt/lampp/htdocs/Dapin-CMS/vendor/laravel/framework/src/Illuminate/Database/Query/Builder.php(2693): Illuminate\\Database\\Query\\Builder->onceWithColumns(Array, Object(Closure))
#16 /opt/lampp/htdocs/Dapin-CMS/vendor/laravel/framework/src/Illuminate/Database/Eloquent/Builder.php(710): Illuminate\\Database\\Query\\Builder->get(Array)
#17 /opt/lampp/htdocs/Dapin-CMS/vendor/laravel/framework/src/Illuminate/Database/Eloquent/Builder.php(694): Illuminate\\Database\\Eloquent\\Builder->getModels(Array)
#18 /opt/lampp/htdocs/Dapin-CMS/app/Providers/AppServiceProvider.php(39): Illuminate\\Database\\Eloquent\\Builder->get()
#19 /opt/lampp/htdocs/Dapin-CMS/vendor/laravel/framework/src/Illuminate/Container/BoundMethod.php(36): App\\Providers\\AppServiceProvider->boot()
#20 /opt/lampp/htdocs/Dapin-CMS/vendor/laravel/framework/src/Illuminate/Container/Util.php(41): Illuminate\\Container\\BoundMethod::Illuminate\\Container\\{closure}()
#21 /opt/lampp/htdocs/Dapin-CMS/vendor/laravel/framework/src/Illuminate/Container/BoundMethod.php(93): Illuminate\\Container\\Util::unwrapIfClosure(Object(Closure))
#22 /opt/lampp/htdocs/Dapin-CMS/vendor/laravel/framework/src/Illuminate/Container/BoundMethod.php(35): Illuminate\\Container\\BoundMethod::callBoundMethod(Object(Illuminate\\Foundation\\Application), Array, Object(Closure))
#23 /opt/lampp/htdocs/Dapin-CMS/vendor/laravel/framework/src/Illuminate/Container/Container.php(661): Illuminate\\Container\\BoundMethod::call(Object(Illuminate\\Foundation\\Application), Array, Array, NULL)
#24 /opt/lampp/htdocs/Dapin-CMS/vendor/laravel/framework/src/Illuminate/Foundation/Application.php(954): Illuminate\\Container\\Container->call(Array)
#25 /opt/lampp/htdocs/Dapin-CMS/vendor/laravel/framework/src/Illuminate/Foundation/Application.php(935): Illuminate\\Foundation\\Application->bootProvider(Object(App\\Providers\\AppServiceProvider))
#26 [internal function]: Illuminate\\Foundation\\Application->Illuminate\\Foundation\\{closure}(Object(App\\Providers\\AppServiceProvider), 39)
#27 /opt/lampp/htdocs/Dapin-CMS/vendor/laravel/framework/src/Illuminate/Foundation/Application.php(934): array_walk(Array, Object(Closure))
#28 /opt/lampp/htdocs/Dapin-CMS/vendor/laravel/framework/src/Illuminate/Foundation/Bootstrap/BootProviders.php(17): Illuminate\\Foundation\\Application->boot()
#29 /opt/lampp/htdocs/Dapin-CMS/vendor/laravel/framework/src/Illuminate/Foundation/Application.php(265): Illuminate\\Foundation\\Bootstrap\\BootProviders->bootstrap(Object(Illuminate\\Foundation\\Application))
#30 /opt/lampp/htdocs/Dapin-CMS/vendor/laravel/framework/src/Illuminate/Foundation/Console/Kernel.php(383): Illuminate\\Foundation\\Application->bootstrapWith(Array)
#31 /opt/lampp/htdocs/Dapin-CMS/vendor/laravel/framework/src/Illuminate/Foundation/Console/Kernel.php(153): Illuminate\\Foundation\\Console\\Kernel->bootstrap()
#32 /opt/lampp/htdocs/Dapin-CMS/artisan(35): Illuminate\\Foundation\\Console\\Kernel->handle(Object(Symfony\\Component\\Console\\Input\\ArgvInput), Object(Symfony\\Component\\Console\\Output\\ConsoleOutput))
#33 {main}
"} 
[2025-08-15 12:34:52] local.ERROR: SQLSTATE[HY000] [1049] Unknown database 'college' (SQL: select * from `languages` where `status` = 1) {"exception":"[object] (Illuminate\\Database\\QueryException(code: 1049): SQLSTATE[HY000] [1049] Unknown database 'college' (SQL: select * from `languages` where `status` = 1) at /opt/lampp/htdocs/Dapin-CMS/vendor/laravel/framework/src/Illuminate/Database/Connection.php:760)
[stacktrace]
#0 /opt/lampp/htdocs/Dapin-CMS/vendor/laravel/framework/src/Illuminate/Database/Connection.php(720): Illuminate\\Database\\Connection->runQueryCallback('select * from `...', Array, Object(Closure))
#1 /opt/lampp/htdocs/Dapin-CMS/vendor/laravel/framework/src/Illuminate/Database/Connection.php(405): Illuminate\\Database\\Connection->run('select * from `...', Array, Object(Closure))
#2 /opt/lampp/htdocs/Dapin-CMS/vendor/laravel/framework/src/Illuminate/Database/Query/Builder.php(2705): Illuminate\\Database\\Connection->select('select * from `...', Array, true)
#3 /opt/lampp/htdocs/Dapin-CMS/vendor/laravel/framework/src/Illuminate/Database/Query/Builder.php(2694): Illuminate\\Database\\Query\\Builder->runSelect()
#4 /opt/lampp/htdocs/Dapin-CMS/vendor/laravel/framework/src/Illuminate/Database/Query/Builder.php(3230): Illuminate\\Database\\Query\\Builder->Illuminate\\Database\\Query\\{closure}()
#5 /opt/lampp/htdocs/Dapin-CMS/vendor/laravel/framework/src/Illuminate/Database/Query/Builder.php(2693): Illuminate\\Database\\Query\\Builder->onceWithColumns(Array, Object(Closure))
#6 /opt/lampp/htdocs/Dapin-CMS/vendor/laravel/framework/src/Illuminate/Database/Eloquent/Builder.php(710): Illuminate\\Database\\Query\\Builder->get(Array)
#7 /opt/lampp/htdocs/Dapin-CMS/vendor/laravel/framework/src/Illuminate/Database/Eloquent/Builder.php(694): Illuminate\\Database\\Eloquent\\Builder->getModels(Array)
#8 /opt/lampp/htdocs/Dapin-CMS/app/Providers/AppServiceProvider.php(39): Illuminate\\Database\\Eloquent\\Builder->get()
#9 /opt/lampp/htdocs/Dapin-CMS/vendor/laravel/framework/src/Illuminate/Container/BoundMethod.php(36): App\\Providers\\AppServiceProvider->boot()
#10 /opt/lampp/htdocs/Dapin-CMS/vendor/laravel/framework/src/Illuminate/Container/Util.php(41): Illuminate\\Container\\BoundMethod::Illuminate\\Container\\{closure}()
#11 /opt/lampp/htdocs/Dapin-CMS/vendor/laravel/framework/src/Illuminate/Container/BoundMethod.php(93): Illuminate\\Container\\Util::unwrapIfClosure(Object(Closure))
#12 /opt/lampp/htdocs/Dapin-CMS/vendor/laravel/framework/src/Illuminate/Container/BoundMethod.php(35): Illuminate\\Container\\BoundMethod::callBoundMethod(Object(Illuminate\\Foundation\\Application), Array, Object(Closure))
#13 /opt/lampp/htdocs/Dapin-CMS/vendor/laravel/framework/src/Illuminate/Container/Container.php(661): Illuminate\\Container\\BoundMethod::call(Object(Illuminate\\Foundation\\Application), Array, Array, NULL)
#14 /opt/lampp/htdocs/Dapin-CMS/vendor/laravel/framework/src/Illuminate/Foundation/Application.php(954): Illuminate\\Container\\Container->call(Array)
#15 /opt/lampp/htdocs/Dapin-CMS/vendor/laravel/framework/src/Illuminate/Foundation/Application.php(935): Illuminate\\Foundation\\Application->bootProvider(Object(App\\Providers\\AppServiceProvider))
#16 [internal function]: Illuminate\\Foundation\\Application->Illuminate\\Foundation\\{closure}(Object(App\\Providers\\AppServiceProvider), 39)
#17 /opt/lampp/htdocs/Dapin-CMS/vendor/laravel/framework/src/Illuminate/Foundation/Application.php(934): array_walk(Array, Object(Closure))
#18 /opt/lampp/htdocs/Dapin-CMS/vendor/laravel/framework/src/Illuminate/Foundation/Bootstrap/BootProviders.php(17): Illuminate\\Foundation\\Application->boot()
#19 /opt/lampp/htdocs/Dapin-CMS/vendor/laravel/framework/src/Illuminate/Foundation/Application.php(265): Illuminate\\Foundation\\Bootstrap\\BootProviders->bootstrap(Object(Illuminate\\Foundation\\Application))
#20 /opt/lampp/htdocs/Dapin-CMS/vendor/laravel/framework/src/Illuminate/Foundation/Console/Kernel.php(383): Illuminate\\Foundation\\Application->bootstrapWith(Array)
#21 /opt/lampp/htdocs/Dapin-CMS/vendor/laravel/framework/src/Illuminate/Foundation/Console/Kernel.php(153): Illuminate\\Foundation\\Console\\Kernel->bootstrap()
#22 /opt/lampp/htdocs/Dapin-CMS/artisan(35): Illuminate\\Foundation\\Console\\Kernel->handle(Object(Symfony\\Component\\Console\\Input\\ArgvInput), Object(Symfony\\Component\\Console\\Output\\ConsoleOutput))
#23 {main}

[previous exception] [object] (PDOException(code: 1049): SQLSTATE[HY000] [1049] Unknown database 'college' at /opt/lampp/htdocs/Dapin-CMS/vendor/laravel/framework/src/Illuminate/Database/Connectors/Connector.php:70)
[stacktrace]
#0 /opt/lampp/htdocs/Dapin-CMS/vendor/laravel/framework/src/Illuminate/Database/Connectors/Connector.php(70): PDO->__construct('mysql:host=127....', 'root', Object(SensitiveParameterValue), Array)
#1 /opt/lampp/htdocs/Dapin-CMS/vendor/laravel/framework/src/Illuminate/Database/Connectors/Connector.php(45): Illuminate\\Database\\Connectors\\Connector->createPdoConnection('mysql:host=127....', 'root', '', Array)
#2 /opt/lampp/htdocs/Dapin-CMS/vendor/laravel/framework/src/Illuminate/Database/Connectors/MySqlConnector.php(24): Illuminate\\Database\\Connectors\\Connector->createConnection('mysql:host=127....', Array, Array)
#3 /opt/lampp/htdocs/Dapin-CMS/vendor/laravel/framework/src/Illuminate/Database/Connectors/ConnectionFactory.php(184): Illuminate\\Database\\Connectors\\MySqlConnector->connect(Array)
#4 [internal function]: Illuminate\\Database\\Connectors\\ConnectionFactory->Illuminate\\Database\\Connectors\\{closure}()
#5 /opt/lampp/htdocs/Dapin-CMS/vendor/laravel/framework/src/Illuminate/Database/Connection.php(1181): call_user_func(Object(Closure))
#6 /opt/lampp/htdocs/Dapin-CMS/vendor/laravel/framework/src/Illuminate/Database/Connection.php(1217): Illuminate\\Database\\Connection->getPdo()
#7 /opt/lampp/htdocs/Dapin-CMS/vendor/laravel/framework/src/Illuminate/Database/Connection.php(486): Illuminate\\Database\\Connection->getReadPdo()
#8 /opt/lampp/htdocs/Dapin-CMS/vendor/laravel/framework/src/Illuminate/Database/Connection.php(414): Illuminate\\Database\\Connection->getPdoForSelect(true)
#9 /opt/lampp/htdocs/Dapin-CMS/vendor/laravel/framework/src/Illuminate/Database/Connection.php(753): Illuminate\\Database\\Connection->Illuminate\\Database\\{closure}('select * from `...', Array)
#10 /opt/lampp/htdocs/Dapin-CMS/vendor/laravel/framework/src/Illuminate/Database/Connection.php(720): Illuminate\\Database\\Connection->runQueryCallback('select * from `...', Array, Object(Closure))
#11 /opt/lampp/htdocs/Dapin-CMS/vendor/laravel/framework/src/Illuminate/Database/Connection.php(405): Illuminate\\Database\\Connection->run('select * from `...', Array, Object(Closure))
#12 /opt/lampp/htdocs/Dapin-CMS/vendor/laravel/framework/src/Illuminate/Database/Query/Builder.php(2705): Illuminate\\Database\\Connection->select('select * from `...', Array, true)
#13 /opt/lampp/htdocs/Dapin-CMS/vendor/laravel/framework/src/Illuminate/Database/Query/Builder.php(2694): Illuminate\\Database\\Query\\Builder->runSelect()
#14 /opt/lampp/htdocs/Dapin-CMS/vendor/laravel/framework/src/Illuminate/Database/Query/Builder.php(3230): Illuminate\\Database\\Query\\Builder->Illuminate\\Database\\Query\\{closure}()
#15 /opt/lampp/htdocs/Dapin-CMS/vendor/laravel/framework/src/Illuminate/Database/Query/Builder.php(2693): Illuminate\\Database\\Query\\Builder->onceWithColumns(Array, Object(Closure))
#16 /opt/lampp/htdocs/Dapin-CMS/vendor/laravel/framework/src/Illuminate/Database/Eloquent/Builder.php(710): Illuminate\\Database\\Query\\Builder->get(Array)
#17 /opt/lampp/htdocs/Dapin-CMS/vendor/laravel/framework/src/Illuminate/Database/Eloquent/Builder.php(694): Illuminate\\Database\\Eloquent\\Builder->getModels(Array)
#18 /opt/lampp/htdocs/Dapin-CMS/app/Providers/AppServiceProvider.php(39): Illuminate\\Database\\Eloquent\\Builder->get()
#19 /opt/lampp/htdocs/Dapin-CMS/vendor/laravel/framework/src/Illuminate/Container/BoundMethod.php(36): App\\Providers\\AppServiceProvider->boot()
#20 /opt/lampp/htdocs/Dapin-CMS/vendor/laravel/framework/src/Illuminate/Container/Util.php(41): Illuminate\\Container\\BoundMethod::Illuminate\\Container\\{closure}()
#21 /opt/lampp/htdocs/Dapin-CMS/vendor/laravel/framework/src/Illuminate/Container/BoundMethod.php(93): Illuminate\\Container\\Util::unwrapIfClosure(Object(Closure))
#22 /opt/lampp/htdocs/Dapin-CMS/vendor/laravel/framework/src/Illuminate/Container/BoundMethod.php(35): Illuminate\\Container\\BoundMethod::callBoundMethod(Object(Illuminate\\Foundation\\Application), Array, Object(Closure))
#23 /opt/lampp/htdocs/Dapin-CMS/vendor/laravel/framework/src/Illuminate/Container/Container.php(661): Illuminate\\Container\\BoundMethod::call(Object(Illuminate\\Foundation\\Application), Array, Array, NULL)
#24 /opt/lampp/htdocs/Dapin-CMS/vendor/laravel/framework/src/Illuminate/Foundation/Application.php(954): Illuminate\\Container\\Container->call(Array)
#25 /opt/lampp/htdocs/Dapin-CMS/vendor/laravel/framework/src/Illuminate/Foundation/Application.php(935): Illuminate\\Foundation\\Application->bootProvider(Object(App\\Providers\\AppServiceProvider))
#26 [internal function]: Illuminate\\Foundation\\Application->Illuminate\\Foundation\\{closure}(Object(App\\Providers\\AppServiceProvider), 39)
#27 /opt/lampp/htdocs/Dapin-CMS/vendor/laravel/framework/src/Illuminate/Foundation/Application.php(934): array_walk(Array, Object(Closure))
#28 /opt/lampp/htdocs/Dapin-CMS/vendor/laravel/framework/src/Illuminate/Foundation/Bootstrap/BootProviders.php(17): Illuminate\\Foundation\\Application->boot()
#29 /opt/lampp/htdocs/Dapin-CMS/vendor/laravel/framework/src/Illuminate/Foundation/Application.php(265): Illuminate\\Foundation\\Bootstrap\\BootProviders->bootstrap(Object(Illuminate\\Foundation\\Application))
#30 /opt/lampp/htdocs/Dapin-CMS/vendor/laravel/framework/src/Illuminate/Foundation/Console/Kernel.php(383): Illuminate\\Foundation\\Application->bootstrapWith(Array)
#31 /opt/lampp/htdocs/Dapin-CMS/vendor/laravel/framework/src/Illuminate/Foundation/Console/Kernel.php(153): Illuminate\\Foundation\\Console\\Kernel->bootstrap()
#32 /opt/lampp/htdocs/Dapin-CMS/artisan(35): Illuminate\\Foundation\\Console\\Kernel->handle(Object(Symfony\\Component\\Console\\Input\\ArgvInput), Object(Symfony\\Component\\Console\\Output\\ConsoleOutput))
#33 {main}
"} 
[2025-08-15 12:34:53] local.ERROR: SQLSTATE[HY000] [1049] Unknown database 'college' (SQL: select * from `languages` where `status` = 1) {"exception":"[object] (Illuminate\\Database\\QueryException(code: 1049): SQLSTATE[HY000] [1049] Unknown database 'college' (SQL: select * from `languages` where `status` = 1) at /opt/lampp/htdocs/Dapin-CMS/vendor/laravel/framework/src/Illuminate/Database/Connection.php:760)
[stacktrace]
#0 /opt/lampp/htdocs/Dapin-CMS/vendor/laravel/framework/src/Illuminate/Database/Connection.php(720): Illuminate\\Database\\Connection->runQueryCallback('select * from `...', Array, Object(Closure))
#1 /opt/lampp/htdocs/Dapin-CMS/vendor/laravel/framework/src/Illuminate/Database/Connection.php(405): Illuminate\\Database\\Connection->run('select * from `...', Array, Object(Closure))
#2 /opt/lampp/htdocs/Dapin-CMS/vendor/laravel/framework/src/Illuminate/Database/Query/Builder.php(2705): Illuminate\\Database\\Connection->select('select * from `...', Array, true)
#3 /opt/lampp/htdocs/Dapin-CMS/vendor/laravel/framework/src/Illuminate/Database/Query/Builder.php(2694): Illuminate\\Database\\Query\\Builder->runSelect()
#4 /opt/lampp/htdocs/Dapin-CMS/vendor/laravel/framework/src/Illuminate/Database/Query/Builder.php(3230): Illuminate\\Database\\Query\\Builder->Illuminate\\Database\\Query\\{closure}()
#5 /opt/lampp/htdocs/Dapin-CMS/vendor/laravel/framework/src/Illuminate/Database/Query/Builder.php(2693): Illuminate\\Database\\Query\\Builder->onceWithColumns(Array, Object(Closure))
#6 /opt/lampp/htdocs/Dapin-CMS/vendor/laravel/framework/src/Illuminate/Database/Eloquent/Builder.php(710): Illuminate\\Database\\Query\\Builder->get(Array)
#7 /opt/lampp/htdocs/Dapin-CMS/vendor/laravel/framework/src/Illuminate/Database/Eloquent/Builder.php(694): Illuminate\\Database\\Eloquent\\Builder->getModels(Array)
#8 /opt/lampp/htdocs/Dapin-CMS/app/Providers/AppServiceProvider.php(39): Illuminate\\Database\\Eloquent\\Builder->get()
#9 /opt/lampp/htdocs/Dapin-CMS/vendor/laravel/framework/src/Illuminate/Container/BoundMethod.php(36): App\\Providers\\AppServiceProvider->boot()
#10 /opt/lampp/htdocs/Dapin-CMS/vendor/laravel/framework/src/Illuminate/Container/Util.php(41): Illuminate\\Container\\BoundMethod::Illuminate\\Container\\{closure}()
#11 /opt/lampp/htdocs/Dapin-CMS/vendor/laravel/framework/src/Illuminate/Container/BoundMethod.php(93): Illuminate\\Container\\Util::unwrapIfClosure(Object(Closure))
#12 /opt/lampp/htdocs/Dapin-CMS/vendor/laravel/framework/src/Illuminate/Container/BoundMethod.php(35): Illuminate\\Container\\BoundMethod::callBoundMethod(Object(Illuminate\\Foundation\\Application), Array, Object(Closure))
#13 /opt/lampp/htdocs/Dapin-CMS/vendor/laravel/framework/src/Illuminate/Container/Container.php(661): Illuminate\\Container\\BoundMethod::call(Object(Illuminate\\Foundation\\Application), Array, Array, NULL)
#14 /opt/lampp/htdocs/Dapin-CMS/vendor/laravel/framework/src/Illuminate/Foundation/Application.php(954): Illuminate\\Container\\Container->call(Array)
#15 /opt/lampp/htdocs/Dapin-CMS/vendor/laravel/framework/src/Illuminate/Foundation/Application.php(935): Illuminate\\Foundation\\Application->bootProvider(Object(App\\Providers\\AppServiceProvider))
#16 [internal function]: Illuminate\\Foundation\\Application->Illuminate\\Foundation\\{closure}(Object(App\\Providers\\AppServiceProvider), 39)
#17 /opt/lampp/htdocs/Dapin-CMS/vendor/laravel/framework/src/Illuminate/Foundation/Application.php(934): array_walk(Array, Object(Closure))
#18 /opt/lampp/htdocs/Dapin-CMS/vendor/laravel/framework/src/Illuminate/Foundation/Bootstrap/BootProviders.php(17): Illuminate\\Foundation\\Application->boot()
#19 /opt/lampp/htdocs/Dapin-CMS/vendor/laravel/framework/src/Illuminate/Foundation/Application.php(265): Illuminate\\Foundation\\Bootstrap\\BootProviders->bootstrap(Object(Illuminate\\Foundation\\Application))
#20 /opt/lampp/htdocs/Dapin-CMS/vendor/laravel/framework/src/Illuminate/Foundation/Console/Kernel.php(383): Illuminate\\Foundation\\Application->bootstrapWith(Array)
#21 /opt/lampp/htdocs/Dapin-CMS/vendor/laravel/framework/src/Illuminate/Foundation/Console/Kernel.php(153): Illuminate\\Foundation\\Console\\Kernel->bootstrap()
#22 /opt/lampp/htdocs/Dapin-CMS/artisan(35): Illuminate\\Foundation\\Console\\Kernel->handle(Object(Symfony\\Component\\Console\\Input\\ArgvInput), Object(Symfony\\Component\\Console\\Output\\ConsoleOutput))
#23 {main}

[previous exception] [object] (PDOException(code: 1049): SQLSTATE[HY000] [1049] Unknown database 'college' at /opt/lampp/htdocs/Dapin-CMS/vendor/laravel/framework/src/Illuminate/Database/Connectors/Connector.php:70)
[stacktrace]
#0 /opt/lampp/htdocs/Dapin-CMS/vendor/laravel/framework/src/Illuminate/Database/Connectors/Connector.php(70): PDO->__construct('mysql:host=127....', 'root', Object(SensitiveParameterValue), Array)
#1 /opt/lampp/htdocs/Dapin-CMS/vendor/laravel/framework/src/Illuminate/Database/Connectors/Connector.php(45): Illuminate\\Database\\Connectors\\Connector->createPdoConnection('mysql:host=127....', 'root', '', Array)
#2 /opt/lampp/htdocs/Dapin-CMS/vendor/laravel/framework/src/Illuminate/Database/Connectors/MySqlConnector.php(24): Illuminate\\Database\\Connectors\\Connector->createConnection('mysql:host=127....', Array, Array)
#3 /opt/lampp/htdocs/Dapin-CMS/vendor/laravel/framework/src/Illuminate/Database/Connectors/ConnectionFactory.php(184): Illuminate\\Database\\Connectors\\MySqlConnector->connect(Array)
#4 [internal function]: Illuminate\\Database\\Connectors\\ConnectionFactory->Illuminate\\Database\\Connectors\\{closure}()
#5 /opt/lampp/htdocs/Dapin-CMS/vendor/laravel/framework/src/Illuminate/Database/Connection.php(1181): call_user_func(Object(Closure))
#6 /opt/lampp/htdocs/Dapin-CMS/vendor/laravel/framework/src/Illuminate/Database/Connection.php(1217): Illuminate\\Database\\Connection->getPdo()
#7 /opt/lampp/htdocs/Dapin-CMS/vendor/laravel/framework/src/Illuminate/Database/Connection.php(486): Illuminate\\Database\\Connection->getReadPdo()
#8 /opt/lampp/htdocs/Dapin-CMS/vendor/laravel/framework/src/Illuminate/Database/Connection.php(414): Illuminate\\Database\\Connection->getPdoForSelect(true)
#9 /opt/lampp/htdocs/Dapin-CMS/vendor/laravel/framework/src/Illuminate/Database/Connection.php(753): Illuminate\\Database\\Connection->Illuminate\\Database\\{closure}('select * from `...', Array)
#10 /opt/lampp/htdocs/Dapin-CMS/vendor/laravel/framework/src/Illuminate/Database/Connection.php(720): Illuminate\\Database\\Connection->runQueryCallback('select * from `...', Array, Object(Closure))
#11 /opt/lampp/htdocs/Dapin-CMS/vendor/laravel/framework/src/Illuminate/Database/Connection.php(405): Illuminate\\Database\\Connection->run('select * from `...', Array, Object(Closure))
#12 /opt/lampp/htdocs/Dapin-CMS/vendor/laravel/framework/src/Illuminate/Database/Query/Builder.php(2705): Illuminate\\Database\\Connection->select('select * from `...', Array, true)
#13 /opt/lampp/htdocs/Dapin-CMS/vendor/laravel/framework/src/Illuminate/Database/Query/Builder.php(2694): Illuminate\\Database\\Query\\Builder->runSelect()
#14 /opt/lampp/htdocs/Dapin-CMS/vendor/laravel/framework/src/Illuminate/Database/Query/Builder.php(3230): Illuminate\\Database\\Query\\Builder->Illuminate\\Database\\Query\\{closure}()
#15 /opt/lampp/htdocs/Dapin-CMS/vendor/laravel/framework/src/Illuminate/Database/Query/Builder.php(2693): Illuminate\\Database\\Query\\Builder->onceWithColumns(Array, Object(Closure))
#16 /opt/lampp/htdocs/Dapin-CMS/vendor/laravel/framework/src/Illuminate/Database/Eloquent/Builder.php(710): Illuminate\\Database\\Query\\Builder->get(Array)
#17 /opt/lampp/htdocs/Dapin-CMS/vendor/laravel/framework/src/Illuminate/Database/Eloquent/Builder.php(694): Illuminate\\Database\\Eloquent\\Builder->getModels(Array)
#18 /opt/lampp/htdocs/Dapin-CMS/app/Providers/AppServiceProvider.php(39): Illuminate\\Database\\Eloquent\\Builder->get()
#19 /opt/lampp/htdocs/Dapin-CMS/vendor/laravel/framework/src/Illuminate/Container/BoundMethod.php(36): App\\Providers\\AppServiceProvider->boot()
#20 /opt/lampp/htdocs/Dapin-CMS/vendor/laravel/framework/src/Illuminate/Container/Util.php(41): Illuminate\\Container\\BoundMethod::Illuminate\\Container\\{closure}()
#21 /opt/lampp/htdocs/Dapin-CMS/vendor/laravel/framework/src/Illuminate/Container/BoundMethod.php(93): Illuminate\\Container\\Util::unwrapIfClosure(Object(Closure))
#22 /opt/lampp/htdocs/Dapin-CMS/vendor/laravel/framework/src/Illuminate/Container/BoundMethod.php(35): Illuminate\\Container\\BoundMethod::callBoundMethod(Object(Illuminate\\Foundation\\Application), Array, Object(Closure))
#23 /opt/lampp/htdocs/Dapin-CMS/vendor/laravel/framework/src/Illuminate/Container/Container.php(661): Illuminate\\Container\\BoundMethod::call(Object(Illuminate\\Foundation\\Application), Array, Array, NULL)
#24 /opt/lampp/htdocs/Dapin-CMS/vendor/laravel/framework/src/Illuminate/Foundation/Application.php(954): Illuminate\\Container\\Container->call(Array)
#25 /opt/lampp/htdocs/Dapin-CMS/vendor/laravel/framework/src/Illuminate/Foundation/Application.php(935): Illuminate\\Foundation\\Application->bootProvider(Object(App\\Providers\\AppServiceProvider))
#26 [internal function]: Illuminate\\Foundation\\Application->Illuminate\\Foundation\\{closure}(Object(App\\Providers\\AppServiceProvider), 39)
#27 /opt/lampp/htdocs/Dapin-CMS/vendor/laravel/framework/src/Illuminate/Foundation/Application.php(934): array_walk(Array, Object(Closure))
#28 /opt/lampp/htdocs/Dapin-CMS/vendor/laravel/framework/src/Illuminate/Foundation/Bootstrap/BootProviders.php(17): Illuminate\\Foundation\\Application->boot()
#29 /opt/lampp/htdocs/Dapin-CMS/vendor/laravel/framework/src/Illuminate/Foundation/Application.php(265): Illuminate\\Foundation\\Bootstrap\\BootProviders->bootstrap(Object(Illuminate\\Foundation\\Application))
#30 /opt/lampp/htdocs/Dapin-CMS/vendor/laravel/framework/src/Illuminate/Foundation/Console/Kernel.php(383): Illuminate\\Foundation\\Application->bootstrapWith(Array)
#31 /opt/lampp/htdocs/Dapin-CMS/vendor/laravel/framework/src/Illuminate/Foundation/Console/Kernel.php(153): Illuminate\\Foundation\\Console\\Kernel->bootstrap()
#32 /opt/lampp/htdocs/Dapin-CMS/artisan(35): Illuminate\\Foundation\\Console\\Kernel->handle(Object(Symfony\\Component\\Console\\Input\\ArgvInput), Object(Symfony\\Component\\Console\\Output\\ConsoleOutput))
#33 {main}
"} 
[2025-08-15 12:38:10] local.ERROR: SQLSTATE[HY000] [1049] Unknown database 'college' (SQL: select * from `settings` where `status` = 1 limit 1) {"exception":"[object] (Illuminate\\Database\\QueryException(code: 1049): SQLSTATE[HY000] [1049] Unknown database 'college' (SQL: select * from `settings` where `status` = 1 limit 1) at /opt/lampp/htdocs/Dapin-CMS/vendor/laravel/framework/src/Illuminate/Database/Connection.php:760)
[stacktrace]
#0 /opt/lampp/htdocs/Dapin-CMS/vendor/laravel/framework/src/Illuminate/Database/Connection.php(720): Illuminate\\Database\\Connection->runQueryCallback('select * from `...', Array, Object(Closure))
#1 /opt/lampp/htdocs/Dapin-CMS/vendor/laravel/framework/src/Illuminate/Database/Connection.php(405): Illuminate\\Database\\Connection->run('select * from `...', Array, Object(Closure))
#2 /opt/lampp/htdocs/Dapin-CMS/vendor/laravel/framework/src/Illuminate/Database/Query/Builder.php(2705): Illuminate\\Database\\Connection->select('select * from `...', Array, true)
#3 /opt/lampp/htdocs/Dapin-CMS/vendor/laravel/framework/src/Illuminate/Database/Query/Builder.php(2694): Illuminate\\Database\\Query\\Builder->runSelect()
#4 /opt/lampp/htdocs/Dapin-CMS/vendor/laravel/framework/src/Illuminate/Database/Query/Builder.php(3230): Illuminate\\Database\\Query\\Builder->Illuminate\\Database\\Query\\{closure}()
#5 /opt/lampp/htdocs/Dapin-CMS/vendor/laravel/framework/src/Illuminate/Database/Query/Builder.php(2693): Illuminate\\Database\\Query\\Builder->onceWithColumns(Array, Object(Closure))
#6 /opt/lampp/htdocs/Dapin-CMS/vendor/laravel/framework/src/Illuminate/Database/Eloquent/Builder.php(710): Illuminate\\Database\\Query\\Builder->get(Array)
#7 /opt/lampp/htdocs/Dapin-CMS/vendor/laravel/framework/src/Illuminate/Database/Eloquent/Builder.php(694): Illuminate\\Database\\Eloquent\\Builder->getModels(Array)
#8 /opt/lampp/htdocs/Dapin-CMS/vendor/laravel/framework/src/Illuminate/Database/Concerns/BuildsQueries.php(296): Illuminate\\Database\\Eloquent\\Builder->get(Array)
#9 /opt/lampp/htdocs/Dapin-CMS/app/Providers/AppServiceProvider.php(42): Illuminate\\Database\\Eloquent\\Builder->first()
#10 /opt/lampp/htdocs/Dapin-CMS/vendor/laravel/framework/src/Illuminate/Container/BoundMethod.php(36): App\\Providers\\AppServiceProvider->boot()
#11 /opt/lampp/htdocs/Dapin-CMS/vendor/laravel/framework/src/Illuminate/Container/Util.php(41): Illuminate\\Container\\BoundMethod::Illuminate\\Container\\{closure}()
#12 /opt/lampp/htdocs/Dapin-CMS/vendor/laravel/framework/src/Illuminate/Container/BoundMethod.php(93): Illuminate\\Container\\Util::unwrapIfClosure(Object(Closure))
#13 /opt/lampp/htdocs/Dapin-CMS/vendor/laravel/framework/src/Illuminate/Container/BoundMethod.php(35): Illuminate\\Container\\BoundMethod::callBoundMethod(Object(Illuminate\\Foundation\\Application), Array, Object(Closure))
#14 /opt/lampp/htdocs/Dapin-CMS/vendor/laravel/framework/src/Illuminate/Container/Container.php(661): Illuminate\\Container\\BoundMethod::call(Object(Illuminate\\Foundation\\Application), Array, Array, NULL)
#15 /opt/lampp/htdocs/Dapin-CMS/vendor/laravel/framework/src/Illuminate/Foundation/Application.php(954): Illuminate\\Container\\Container->call(Array)
#16 /opt/lampp/htdocs/Dapin-CMS/vendor/laravel/framework/src/Illuminate/Foundation/Application.php(935): Illuminate\\Foundation\\Application->bootProvider(Object(App\\Providers\\AppServiceProvider))
#17 [internal function]: Illuminate\\Foundation\\Application->Illuminate\\Foundation\\{closure}(Object(App\\Providers\\AppServiceProvider), 39)
#18 /opt/lampp/htdocs/Dapin-CMS/vendor/laravel/framework/src/Illuminate/Foundation/Application.php(934): array_walk(Array, Object(Closure))
#19 /opt/lampp/htdocs/Dapin-CMS/vendor/laravel/framework/src/Illuminate/Foundation/Bootstrap/BootProviders.php(17): Illuminate\\Foundation\\Application->boot()
#20 /opt/lampp/htdocs/Dapin-CMS/vendor/laravel/framework/src/Illuminate/Foundation/Application.php(265): Illuminate\\Foundation\\Bootstrap\\BootProviders->bootstrap(Object(Illuminate\\Foundation\\Application))
#21 /opt/lampp/htdocs/Dapin-CMS/vendor/laravel/framework/src/Illuminate/Foundation/Console/Kernel.php(383): Illuminate\\Foundation\\Application->bootstrapWith(Array)
#22 /opt/lampp/htdocs/Dapin-CMS/vendor/laravel/framework/src/Illuminate/Foundation/Console/Kernel.php(153): Illuminate\\Foundation\\Console\\Kernel->bootstrap()
#23 /opt/lampp/htdocs/Dapin-CMS/artisan(35): Illuminate\\Foundation\\Console\\Kernel->handle(Object(Symfony\\Component\\Console\\Input\\ArgvInput), Object(Symfony\\Component\\Console\\Output\\ConsoleOutput))
#24 {main}

[previous exception] [object] (PDOException(code: 1049): SQLSTATE[HY000] [1049] Unknown database 'college' at /opt/lampp/htdocs/Dapin-CMS/vendor/laravel/framework/src/Illuminate/Database/Connectors/Connector.php:70)
[stacktrace]
#0 /opt/lampp/htdocs/Dapin-CMS/vendor/laravel/framework/src/Illuminate/Database/Connectors/Connector.php(70): PDO->__construct('mysql:host=127....', 'root', Object(SensitiveParameterValue), Array)
#1 /opt/lampp/htdocs/Dapin-CMS/vendor/laravel/framework/src/Illuminate/Database/Connectors/Connector.php(45): Illuminate\\Database\\Connectors\\Connector->createPdoConnection('mysql:host=127....', 'root', '', Array)
#2 /opt/lampp/htdocs/Dapin-CMS/vendor/laravel/framework/src/Illuminate/Database/Connectors/MySqlConnector.php(24): Illuminate\\Database\\Connectors\\Connector->createConnection('mysql:host=127....', Array, Array)
#3 /opt/lampp/htdocs/Dapin-CMS/vendor/laravel/framework/src/Illuminate/Database/Connectors/ConnectionFactory.php(184): Illuminate\\Database\\Connectors\\MySqlConnector->connect(Array)
#4 [internal function]: Illuminate\\Database\\Connectors\\ConnectionFactory->Illuminate\\Database\\Connectors\\{closure}()
#5 /opt/lampp/htdocs/Dapin-CMS/vendor/laravel/framework/src/Illuminate/Database/Connection.php(1181): call_user_func(Object(Closure))
#6 /opt/lampp/htdocs/Dapin-CMS/vendor/laravel/framework/src/Illuminate/Database/Connection.php(1217): Illuminate\\Database\\Connection->getPdo()
#7 /opt/lampp/htdocs/Dapin-CMS/vendor/laravel/framework/src/Illuminate/Database/Connection.php(486): Illuminate\\Database\\Connection->getReadPdo()
#8 /opt/lampp/htdocs/Dapin-CMS/vendor/laravel/framework/src/Illuminate/Database/Connection.php(414): Illuminate\\Database\\Connection->getPdoForSelect(true)
#9 /opt/lampp/htdocs/Dapin-CMS/vendor/laravel/framework/src/Illuminate/Database/Connection.php(753): Illuminate\\Database\\Connection->Illuminate\\Database\\{closure}('select * from `...', Array)
#10 /opt/lampp/htdocs/Dapin-CMS/vendor/laravel/framework/src/Illuminate/Database/Connection.php(720): Illuminate\\Database\\Connection->runQueryCallback('select * from `...', Array, Object(Closure))
#11 /opt/lampp/htdocs/Dapin-CMS/vendor/laravel/framework/src/Illuminate/Database/Connection.php(405): Illuminate\\Database\\Connection->run('select * from `...', Array, Object(Closure))
#12 /opt/lampp/htdocs/Dapin-CMS/vendor/laravel/framework/src/Illuminate/Database/Query/Builder.php(2705): Illuminate\\Database\\Connection->select('select * from `...', Array, true)
#13 /opt/lampp/htdocs/Dapin-CMS/vendor/laravel/framework/src/Illuminate/Database/Query/Builder.php(2694): Illuminate\\Database\\Query\\Builder->runSelect()
#14 /opt/lampp/htdocs/Dapin-CMS/vendor/laravel/framework/src/Illuminate/Database/Query/Builder.php(3230): Illuminate\\Database\\Query\\Builder->Illuminate\\Database\\Query\\{closure}()
#15 /opt/lampp/htdocs/Dapin-CMS/vendor/laravel/framework/src/Illuminate/Database/Query/Builder.php(2693): Illuminate\\Database\\Query\\Builder->onceWithColumns(Array, Object(Closure))
#16 /opt/lampp/htdocs/Dapin-CMS/vendor/laravel/framework/src/Illuminate/Database/Eloquent/Builder.php(710): Illuminate\\Database\\Query\\Builder->get(Array)
#17 /opt/lampp/htdocs/Dapin-CMS/vendor/laravel/framework/src/Illuminate/Database/Eloquent/Builder.php(694): Illuminate\\Database\\Eloquent\\Builder->getModels(Array)
#18 /opt/lampp/htdocs/Dapin-CMS/vendor/laravel/framework/src/Illuminate/Database/Concerns/BuildsQueries.php(296): Illuminate\\Database\\Eloquent\\Builder->get(Array)
#19 /opt/lampp/htdocs/Dapin-CMS/app/Providers/AppServiceProvider.php(42): Illuminate\\Database\\Eloquent\\Builder->first()
#20 /opt/lampp/htdocs/Dapin-CMS/vendor/laravel/framework/src/Illuminate/Container/BoundMethod.php(36): App\\Providers\\AppServiceProvider->boot()
#21 /opt/lampp/htdocs/Dapin-CMS/vendor/laravel/framework/src/Illuminate/Container/Util.php(41): Illuminate\\Container\\BoundMethod::Illuminate\\Container\\{closure}()
#22 /opt/lampp/htdocs/Dapin-CMS/vendor/laravel/framework/src/Illuminate/Container/BoundMethod.php(93): Illuminate\\Container\\Util::unwrapIfClosure(Object(Closure))
#23 /opt/lampp/htdocs/Dapin-CMS/vendor/laravel/framework/src/Illuminate/Container/BoundMethod.php(35): Illuminate\\Container\\BoundMethod::callBoundMethod(Object(Illuminate\\Foundation\\Application), Array, Object(Closure))
#24 /opt/lampp/htdocs/Dapin-CMS/vendor/laravel/framework/src/Illuminate/Container/Container.php(661): Illuminate\\Container\\BoundMethod::call(Object(Illuminate\\Foundation\\Application), Array, Array, NULL)
#25 /opt/lampp/htdocs/Dapin-CMS/vendor/laravel/framework/src/Illuminate/Foundation/Application.php(954): Illuminate\\Container\\Container->call(Array)
#26 /opt/lampp/htdocs/Dapin-CMS/vendor/laravel/framework/src/Illuminate/Foundation/Application.php(935): Illuminate\\Foundation\\Application->bootProvider(Object(App\\Providers\\AppServiceProvider))
#27 [internal function]: Illuminate\\Foundation\\Application->Illuminate\\Foundation\\{closure}(Object(App\\Providers\\AppServiceProvider), 39)
#28 /opt/lampp/htdocs/Dapin-CMS/vendor/laravel/framework/src/Illuminate/Foundation/Application.php(934): array_walk(Array, Object(Closure))
#29 /opt/lampp/htdocs/Dapin-CMS/vendor/laravel/framework/src/Illuminate/Foundation/Bootstrap/BootProviders.php(17): Illuminate\\Foundation\\Application->boot()
#30 /opt/lampp/htdocs/Dapin-CMS/vendor/laravel/framework/src/Illuminate/Foundation/Application.php(265): Illuminate\\Foundation\\Bootstrap\\BootProviders->bootstrap(Object(Illuminate\\Foundation\\Application))
#31 /opt/lampp/htdocs/Dapin-CMS/vendor/laravel/framework/src/Illuminate/Foundation/Console/Kernel.php(383): Illuminate\\Foundation\\Application->bootstrapWith(Array)
#32 /opt/lampp/htdocs/Dapin-CMS/vendor/laravel/framework/src/Illuminate/Foundation/Console/Kernel.php(153): Illuminate\\Foundation\\Console\\Kernel->bootstrap()
#33 /opt/lampp/htdocs/Dapin-CMS/artisan(35): Illuminate\\Foundation\\Console\\Kernel->handle(Object(Symfony\\Component\\Console\\Input\\ArgvInput), Object(Symfony\\Component\\Console\\Output\\ConsoleOutput))
#34 {main}
"} 
[2025-08-15 12:38:10] local.ERROR: SQLSTATE[HY000] [1049] Unknown database 'college' (SQL: select * from `settings` where `status` = 1 limit 1) {"exception":"[object] (Illuminate\\Database\\QueryException(code: 1049): SQLSTATE[HY000] [1049] Unknown database 'college' (SQL: select * from `settings` where `status` = 1 limit 1) at /opt/lampp/htdocs/Dapin-CMS/vendor/laravel/framework/src/Illuminate/Database/Connection.php:760)
[stacktrace]
#0 /opt/lampp/htdocs/Dapin-CMS/vendor/laravel/framework/src/Illuminate/Database/Connection.php(720): Illuminate\\Database\\Connection->runQueryCallback('select * from `...', Array, Object(Closure))
#1 /opt/lampp/htdocs/Dapin-CMS/vendor/laravel/framework/src/Illuminate/Database/Connection.php(405): Illuminate\\Database\\Connection->run('select * from `...', Array, Object(Closure))
#2 /opt/lampp/htdocs/Dapin-CMS/vendor/laravel/framework/src/Illuminate/Database/Query/Builder.php(2705): Illuminate\\Database\\Connection->select('select * from `...', Array, true)
#3 /opt/lampp/htdocs/Dapin-CMS/vendor/laravel/framework/src/Illuminate/Database/Query/Builder.php(2694): Illuminate\\Database\\Query\\Builder->runSelect()
#4 /opt/lampp/htdocs/Dapin-CMS/vendor/laravel/framework/src/Illuminate/Database/Query/Builder.php(3230): Illuminate\\Database\\Query\\Builder->Illuminate\\Database\\Query\\{closure}()
#5 /opt/lampp/htdocs/Dapin-CMS/vendor/laravel/framework/src/Illuminate/Database/Query/Builder.php(2693): Illuminate\\Database\\Query\\Builder->onceWithColumns(Array, Object(Closure))
#6 /opt/lampp/htdocs/Dapin-CMS/vendor/laravel/framework/src/Illuminate/Database/Eloquent/Builder.php(710): Illuminate\\Database\\Query\\Builder->get(Array)
#7 /opt/lampp/htdocs/Dapin-CMS/vendor/laravel/framework/src/Illuminate/Database/Eloquent/Builder.php(694): Illuminate\\Database\\Eloquent\\Builder->getModels(Array)
#8 /opt/lampp/htdocs/Dapin-CMS/vendor/laravel/framework/src/Illuminate/Database/Concerns/BuildsQueries.php(296): Illuminate\\Database\\Eloquent\\Builder->get(Array)
#9 /opt/lampp/htdocs/Dapin-CMS/app/Providers/AppServiceProvider.php(42): Illuminate\\Database\\Eloquent\\Builder->first()
#10 /opt/lampp/htdocs/Dapin-CMS/vendor/laravel/framework/src/Illuminate/Container/BoundMethod.php(36): App\\Providers\\AppServiceProvider->boot()
#11 /opt/lampp/htdocs/Dapin-CMS/vendor/laravel/framework/src/Illuminate/Container/Util.php(41): Illuminate\\Container\\BoundMethod::Illuminate\\Container\\{closure}()
#12 /opt/lampp/htdocs/Dapin-CMS/vendor/laravel/framework/src/Illuminate/Container/BoundMethod.php(93): Illuminate\\Container\\Util::unwrapIfClosure(Object(Closure))
#13 /opt/lampp/htdocs/Dapin-CMS/vendor/laravel/framework/src/Illuminate/Container/BoundMethod.php(35): Illuminate\\Container\\BoundMethod::callBoundMethod(Object(Illuminate\\Foundation\\Application), Array, Object(Closure))
#14 /opt/lampp/htdocs/Dapin-CMS/vendor/laravel/framework/src/Illuminate/Container/Container.php(661): Illuminate\\Container\\BoundMethod::call(Object(Illuminate\\Foundation\\Application), Array, Array, NULL)
#15 /opt/lampp/htdocs/Dapin-CMS/vendor/laravel/framework/src/Illuminate/Foundation/Application.php(954): Illuminate\\Container\\Container->call(Array)
#16 /opt/lampp/htdocs/Dapin-CMS/vendor/laravel/framework/src/Illuminate/Foundation/Application.php(935): Illuminate\\Foundation\\Application->bootProvider(Object(App\\Providers\\AppServiceProvider))
#17 [internal function]: Illuminate\\Foundation\\Application->Illuminate\\Foundation\\{closure}(Object(App\\Providers\\AppServiceProvider), 39)
#18 /opt/lampp/htdocs/Dapin-CMS/vendor/laravel/framework/src/Illuminate/Foundation/Application.php(934): array_walk(Array, Object(Closure))
#19 /opt/lampp/htdocs/Dapin-CMS/vendor/laravel/framework/src/Illuminate/Foundation/Bootstrap/BootProviders.php(17): Illuminate\\Foundation\\Application->boot()
#20 /opt/lampp/htdocs/Dapin-CMS/vendor/laravel/framework/src/Illuminate/Foundation/Application.php(265): Illuminate\\Foundation\\Bootstrap\\BootProviders->bootstrap(Object(Illuminate\\Foundation\\Application))
#21 /opt/lampp/htdocs/Dapin-CMS/vendor/laravel/framework/src/Illuminate/Foundation/Console/Kernel.php(383): Illuminate\\Foundation\\Application->bootstrapWith(Array)
#22 /opt/lampp/htdocs/Dapin-CMS/vendor/laravel/framework/src/Illuminate/Foundation/Console/Kernel.php(153): Illuminate\\Foundation\\Console\\Kernel->bootstrap()
#23 /opt/lampp/htdocs/Dapin-CMS/artisan(35): Illuminate\\Foundation\\Console\\Kernel->handle(Object(Symfony\\Component\\Console\\Input\\ArgvInput), Object(Symfony\\Component\\Console\\Output\\ConsoleOutput))
#24 {main}

[previous exception] [object] (PDOException(code: 1049): SQLSTATE[HY000] [1049] Unknown database 'college' at /opt/lampp/htdocs/Dapin-CMS/vendor/laravel/framework/src/Illuminate/Database/Connectors/Connector.php:70)
[stacktrace]
#0 /opt/lampp/htdocs/Dapin-CMS/vendor/laravel/framework/src/Illuminate/Database/Connectors/Connector.php(70): PDO->__construct('mysql:host=127....', 'root', Object(SensitiveParameterValue), Array)
#1 /opt/lampp/htdocs/Dapin-CMS/vendor/laravel/framework/src/Illuminate/Database/Connectors/Connector.php(45): Illuminate\\Database\\Connectors\\Connector->createPdoConnection('mysql:host=127....', 'root', '', Array)
#2 /opt/lampp/htdocs/Dapin-CMS/vendor/laravel/framework/src/Illuminate/Database/Connectors/MySqlConnector.php(24): Illuminate\\Database\\Connectors\\Connector->createConnection('mysql:host=127....', Array, Array)
#3 /opt/lampp/htdocs/Dapin-CMS/vendor/laravel/framework/src/Illuminate/Database/Connectors/ConnectionFactory.php(184): Illuminate\\Database\\Connectors\\MySqlConnector->connect(Array)
#4 [internal function]: Illuminate\\Database\\Connectors\\ConnectionFactory->Illuminate\\Database\\Connectors\\{closure}()
#5 /opt/lampp/htdocs/Dapin-CMS/vendor/laravel/framework/src/Illuminate/Database/Connection.php(1181): call_user_func(Object(Closure))
#6 /opt/lampp/htdocs/Dapin-CMS/vendor/laravel/framework/src/Illuminate/Database/Connection.php(1217): Illuminate\\Database\\Connection->getPdo()
#7 /opt/lampp/htdocs/Dapin-CMS/vendor/laravel/framework/src/Illuminate/Database/Connection.php(486): Illuminate\\Database\\Connection->getReadPdo()
#8 /opt/lampp/htdocs/Dapin-CMS/vendor/laravel/framework/src/Illuminate/Database/Connection.php(414): Illuminate\\Database\\Connection->getPdoForSelect(true)
#9 /opt/lampp/htdocs/Dapin-CMS/vendor/laravel/framework/src/Illuminate/Database/Connection.php(753): Illuminate\\Database\\Connection->Illuminate\\Database\\{closure}('select * from `...', Array)
#10 /opt/lampp/htdocs/Dapin-CMS/vendor/laravel/framework/src/Illuminate/Database/Connection.php(720): Illuminate\\Database\\Connection->runQueryCallback('select * from `...', Array, Object(Closure))
#11 /opt/lampp/htdocs/Dapin-CMS/vendor/laravel/framework/src/Illuminate/Database/Connection.php(405): Illuminate\\Database\\Connection->run('select * from `...', Array, Object(Closure))
#12 /opt/lampp/htdocs/Dapin-CMS/vendor/laravel/framework/src/Illuminate/Database/Query/Builder.php(2705): Illuminate\\Database\\Connection->select('select * from `...', Array, true)
#13 /opt/lampp/htdocs/Dapin-CMS/vendor/laravel/framework/src/Illuminate/Database/Query/Builder.php(2694): Illuminate\\Database\\Query\\Builder->runSelect()
#14 /opt/lampp/htdocs/Dapin-CMS/vendor/laravel/framework/src/Illuminate/Database/Query/Builder.php(3230): Illuminate\\Database\\Query\\Builder->Illuminate\\Database\\Query\\{closure}()
#15 /opt/lampp/htdocs/Dapin-CMS/vendor/laravel/framework/src/Illuminate/Database/Query/Builder.php(2693): Illuminate\\Database\\Query\\Builder->onceWithColumns(Array, Object(Closure))
#16 /opt/lampp/htdocs/Dapin-CMS/vendor/laravel/framework/src/Illuminate/Database/Eloquent/Builder.php(710): Illuminate\\Database\\Query\\Builder->get(Array)
#17 /opt/lampp/htdocs/Dapin-CMS/vendor/laravel/framework/src/Illuminate/Database/Eloquent/Builder.php(694): Illuminate\\Database\\Eloquent\\Builder->getModels(Array)
#18 /opt/lampp/htdocs/Dapin-CMS/vendor/laravel/framework/src/Illuminate/Database/Concerns/BuildsQueries.php(296): Illuminate\\Database\\Eloquent\\Builder->get(Array)
#19 /opt/lampp/htdocs/Dapin-CMS/app/Providers/AppServiceProvider.php(42): Illuminate\\Database\\Eloquent\\Builder->first()
#20 /opt/lampp/htdocs/Dapin-CMS/vendor/laravel/framework/src/Illuminate/Container/BoundMethod.php(36): App\\Providers\\AppServiceProvider->boot()
#21 /opt/lampp/htdocs/Dapin-CMS/vendor/laravel/framework/src/Illuminate/Container/Util.php(41): Illuminate\\Container\\BoundMethod::Illuminate\\Container\\{closure}()
#22 /opt/lampp/htdocs/Dapin-CMS/vendor/laravel/framework/src/Illuminate/Container/BoundMethod.php(93): Illuminate\\Container\\Util::unwrapIfClosure(Object(Closure))
#23 /opt/lampp/htdocs/Dapin-CMS/vendor/laravel/framework/src/Illuminate/Container/BoundMethod.php(35): Illuminate\\Container\\BoundMethod::callBoundMethod(Object(Illuminate\\Foundation\\Application), Array, Object(Closure))
#24 /opt/lampp/htdocs/Dapin-CMS/vendor/laravel/framework/src/Illuminate/Container/Container.php(661): Illuminate\\Container\\BoundMethod::call(Object(Illuminate\\Foundation\\Application), Array, Array, NULL)
#25 /opt/lampp/htdocs/Dapin-CMS/vendor/laravel/framework/src/Illuminate/Foundation/Application.php(954): Illuminate\\Container\\Container->call(Array)
#26 /opt/lampp/htdocs/Dapin-CMS/vendor/laravel/framework/src/Illuminate/Foundation/Application.php(935): Illuminate\\Foundation\\Application->bootProvider(Object(App\\Providers\\AppServiceProvider))
#27 [internal function]: Illuminate\\Foundation\\Application->Illuminate\\Foundation\\{closure}(Object(App\\Providers\\AppServiceProvider), 39)
#28 /opt/lampp/htdocs/Dapin-CMS/vendor/laravel/framework/src/Illuminate/Foundation/Application.php(934): array_walk(Array, Object(Closure))
#29 /opt/lampp/htdocs/Dapin-CMS/vendor/laravel/framework/src/Illuminate/Foundation/Bootstrap/BootProviders.php(17): Illuminate\\Foundation\\Application->boot()
#30 /opt/lampp/htdocs/Dapin-CMS/vendor/laravel/framework/src/Illuminate/Foundation/Application.php(265): Illuminate\\Foundation\\Bootstrap\\BootProviders->bootstrap(Object(Illuminate\\Foundation\\Application))
#31 /opt/lampp/htdocs/Dapin-CMS/vendor/laravel/framework/src/Illuminate/Foundation/Console/Kernel.php(383): Illuminate\\Foundation\\Application->bootstrapWith(Array)
#32 /opt/lampp/htdocs/Dapin-CMS/vendor/laravel/framework/src/Illuminate/Foundation/Console/Kernel.php(153): Illuminate\\Foundation\\Console\\Kernel->bootstrap()
#33 /opt/lampp/htdocs/Dapin-CMS/artisan(35): Illuminate\\Foundation\\Console\\Kernel->handle(Object(Symfony\\Component\\Console\\Input\\ArgvInput), Object(Symfony\\Component\\Console\\Output\\ConsoleOutput))
#34 {main}
"} 
[2025-08-15 12:38:11] local.ERROR: SQLSTATE[HY000] [1049] Unknown database 'college' (SQL: select * from `settings` where `status` = 1 limit 1) {"exception":"[object] (Illuminate\\Database\\QueryException(code: 1049): SQLSTATE[HY000] [1049] Unknown database 'college' (SQL: select * from `settings` where `status` = 1 limit 1) at /opt/lampp/htdocs/Dapin-CMS/vendor/laravel/framework/src/Illuminate/Database/Connection.php:760)
[stacktrace]
#0 /opt/lampp/htdocs/Dapin-CMS/vendor/laravel/framework/src/Illuminate/Database/Connection.php(720): Illuminate\\Database\\Connection->runQueryCallback('select * from `...', Array, Object(Closure))
#1 /opt/lampp/htdocs/Dapin-CMS/vendor/laravel/framework/src/Illuminate/Database/Connection.php(405): Illuminate\\Database\\Connection->run('select * from `...', Array, Object(Closure))
#2 /opt/lampp/htdocs/Dapin-CMS/vendor/laravel/framework/src/Illuminate/Database/Query/Builder.php(2705): Illuminate\\Database\\Connection->select('select * from `...', Array, true)
#3 /opt/lampp/htdocs/Dapin-CMS/vendor/laravel/framework/src/Illuminate/Database/Query/Builder.php(2694): Illuminate\\Database\\Query\\Builder->runSelect()
#4 /opt/lampp/htdocs/Dapin-CMS/vendor/laravel/framework/src/Illuminate/Database/Query/Builder.php(3230): Illuminate\\Database\\Query\\Builder->Illuminate\\Database\\Query\\{closure}()
#5 /opt/lampp/htdocs/Dapin-CMS/vendor/laravel/framework/src/Illuminate/Database/Query/Builder.php(2693): Illuminate\\Database\\Query\\Builder->onceWithColumns(Array, Object(Closure))
#6 /opt/lampp/htdocs/Dapin-CMS/vendor/laravel/framework/src/Illuminate/Database/Eloquent/Builder.php(710): Illuminate\\Database\\Query\\Builder->get(Array)
#7 /opt/lampp/htdocs/Dapin-CMS/vendor/laravel/framework/src/Illuminate/Database/Eloquent/Builder.php(694): Illuminate\\Database\\Eloquent\\Builder->getModels(Array)
#8 /opt/lampp/htdocs/Dapin-CMS/vendor/laravel/framework/src/Illuminate/Database/Concerns/BuildsQueries.php(296): Illuminate\\Database\\Eloquent\\Builder->get(Array)
#9 /opt/lampp/htdocs/Dapin-CMS/app/Providers/AppServiceProvider.php(42): Illuminate\\Database\\Eloquent\\Builder->first()
#10 /opt/lampp/htdocs/Dapin-CMS/vendor/laravel/framework/src/Illuminate/Container/BoundMethod.php(36): App\\Providers\\AppServiceProvider->boot()
#11 /opt/lampp/htdocs/Dapin-CMS/vendor/laravel/framework/src/Illuminate/Container/Util.php(41): Illuminate\\Container\\BoundMethod::Illuminate\\Container\\{closure}()
#12 /opt/lampp/htdocs/Dapin-CMS/vendor/laravel/framework/src/Illuminate/Container/BoundMethod.php(93): Illuminate\\Container\\Util::unwrapIfClosure(Object(Closure))
#13 /opt/lampp/htdocs/Dapin-CMS/vendor/laravel/framework/src/Illuminate/Container/BoundMethod.php(35): Illuminate\\Container\\BoundMethod::callBoundMethod(Object(Illuminate\\Foundation\\Application), Array, Object(Closure))
#14 /opt/lampp/htdocs/Dapin-CMS/vendor/laravel/framework/src/Illuminate/Container/Container.php(661): Illuminate\\Container\\BoundMethod::call(Object(Illuminate\\Foundation\\Application), Array, Array, NULL)
#15 /opt/lampp/htdocs/Dapin-CMS/vendor/laravel/framework/src/Illuminate/Foundation/Application.php(954): Illuminate\\Container\\Container->call(Array)
#16 /opt/lampp/htdocs/Dapin-CMS/vendor/laravel/framework/src/Illuminate/Foundation/Application.php(935): Illuminate\\Foundation\\Application->bootProvider(Object(App\\Providers\\AppServiceProvider))
#17 [internal function]: Illuminate\\Foundation\\Application->Illuminate\\Foundation\\{closure}(Object(App\\Providers\\AppServiceProvider), 39)
#18 /opt/lampp/htdocs/Dapin-CMS/vendor/laravel/framework/src/Illuminate/Foundation/Application.php(934): array_walk(Array, Object(Closure))
#19 /opt/lampp/htdocs/Dapin-CMS/vendor/laravel/framework/src/Illuminate/Foundation/Bootstrap/BootProviders.php(17): Illuminate\\Foundation\\Application->boot()
#20 /opt/lampp/htdocs/Dapin-CMS/vendor/laravel/framework/src/Illuminate/Foundation/Application.php(265): Illuminate\\Foundation\\Bootstrap\\BootProviders->bootstrap(Object(Illuminate\\Foundation\\Application))
#21 /opt/lampp/htdocs/Dapin-CMS/vendor/laravel/framework/src/Illuminate/Foundation/Console/Kernel.php(383): Illuminate\\Foundation\\Application->bootstrapWith(Array)
#22 /opt/lampp/htdocs/Dapin-CMS/vendor/laravel/framework/src/Illuminate/Foundation/Console/Kernel.php(153): Illuminate\\Foundation\\Console\\Kernel->bootstrap()
#23 /opt/lampp/htdocs/Dapin-CMS/artisan(35): Illuminate\\Foundation\\Console\\Kernel->handle(Object(Symfony\\Component\\Console\\Input\\ArgvInput), Object(Symfony\\Component\\Console\\Output\\ConsoleOutput))
#24 {main}

[previous exception] [object] (PDOException(code: 1049): SQLSTATE[HY000] [1049] Unknown database 'college' at /opt/lampp/htdocs/Dapin-CMS/vendor/laravel/framework/src/Illuminate/Database/Connectors/Connector.php:70)
[stacktrace]
#0 /opt/lampp/htdocs/Dapin-CMS/vendor/laravel/framework/src/Illuminate/Database/Connectors/Connector.php(70): PDO->__construct('mysql:host=127....', 'root', Object(SensitiveParameterValue), Array)
#1 /opt/lampp/htdocs/Dapin-CMS/vendor/laravel/framework/src/Illuminate/Database/Connectors/Connector.php(45): Illuminate\\Database\\Connectors\\Connector->createPdoConnection('mysql:host=127....', 'root', '', Array)
#2 /opt/lampp/htdocs/Dapin-CMS/vendor/laravel/framework/src/Illuminate/Database/Connectors/MySqlConnector.php(24): Illuminate\\Database\\Connectors\\Connector->createConnection('mysql:host=127....', Array, Array)
#3 /opt/lampp/htdocs/Dapin-CMS/vendor/laravel/framework/src/Illuminate/Database/Connectors/ConnectionFactory.php(184): Illuminate\\Database\\Connectors\\MySqlConnector->connect(Array)
#4 [internal function]: Illuminate\\Database\\Connectors\\ConnectionFactory->Illuminate\\Database\\Connectors\\{closure}()
#5 /opt/lampp/htdocs/Dapin-CMS/vendor/laravel/framework/src/Illuminate/Database/Connection.php(1181): call_user_func(Object(Closure))
#6 /opt/lampp/htdocs/Dapin-CMS/vendor/laravel/framework/src/Illuminate/Database/Connection.php(1217): Illuminate\\Database\\Connection->getPdo()
#7 /opt/lampp/htdocs/Dapin-CMS/vendor/laravel/framework/src/Illuminate/Database/Connection.php(486): Illuminate\\Database\\Connection->getReadPdo()
#8 /opt/lampp/htdocs/Dapin-CMS/vendor/laravel/framework/src/Illuminate/Database/Connection.php(414): Illuminate\\Database\\Connection->getPdoForSelect(true)
#9 /opt/lampp/htdocs/Dapin-CMS/vendor/laravel/framework/src/Illuminate/Database/Connection.php(753): Illuminate\\Database\\Connection->Illuminate\\Database\\{closure}('select * from `...', Array)
#10 /opt/lampp/htdocs/Dapin-CMS/vendor/laravel/framework/src/Illuminate/Database/Connection.php(720): Illuminate\\Database\\Connection->runQueryCallback('select * from `...', Array, Object(Closure))
#11 /opt/lampp/htdocs/Dapin-CMS/vendor/laravel/framework/src/Illuminate/Database/Connection.php(405): Illuminate\\Database\\Connection->run('select * from `...', Array, Object(Closure))
#12 /opt/lampp/htdocs/Dapin-CMS/vendor/laravel/framework/src/Illuminate/Database/Query/Builder.php(2705): Illuminate\\Database\\Connection->select('select * from `...', Array, true)
#13 /opt/lampp/htdocs/Dapin-CMS/vendor/laravel/framework/src/Illuminate/Database/Query/Builder.php(2694): Illuminate\\Database\\Query\\Builder->runSelect()
#14 /opt/lampp/htdocs/Dapin-CMS/vendor/laravel/framework/src/Illuminate/Database/Query/Builder.php(3230): Illuminate\\Database\\Query\\Builder->Illuminate\\Database\\Query\\{closure}()
#15 /opt/lampp/htdocs/Dapin-CMS/vendor/laravel/framework/src/Illuminate/Database/Query/Builder.php(2693): Illuminate\\Database\\Query\\Builder->onceWithColumns(Array, Object(Closure))
#16 /opt/lampp/htdocs/Dapin-CMS/vendor/laravel/framework/src/Illuminate/Database/Eloquent/Builder.php(710): Illuminate\\Database\\Query\\Builder->get(Array)
#17 /opt/lampp/htdocs/Dapin-CMS/vendor/laravel/framework/src/Illuminate/Database/Eloquent/Builder.php(694): Illuminate\\Database\\Eloquent\\Builder->getModels(Array)
#18 /opt/lampp/htdocs/Dapin-CMS/vendor/laravel/framework/src/Illuminate/Database/Concerns/BuildsQueries.php(296): Illuminate\\Database\\Eloquent\\Builder->get(Array)
#19 /opt/lampp/htdocs/Dapin-CMS/app/Providers/AppServiceProvider.php(42): Illuminate\\Database\\Eloquent\\Builder->first()
#20 /opt/lampp/htdocs/Dapin-CMS/vendor/laravel/framework/src/Illuminate/Container/BoundMethod.php(36): App\\Providers\\AppServiceProvider->boot()
#21 /opt/lampp/htdocs/Dapin-CMS/vendor/laravel/framework/src/Illuminate/Container/Util.php(41): Illuminate\\Container\\BoundMethod::Illuminate\\Container\\{closure}()
#22 /opt/lampp/htdocs/Dapin-CMS/vendor/laravel/framework/src/Illuminate/Container/BoundMethod.php(93): Illuminate\\Container\\Util::unwrapIfClosure(Object(Closure))
#23 /opt/lampp/htdocs/Dapin-CMS/vendor/laravel/framework/src/Illuminate/Container/BoundMethod.php(35): Illuminate\\Container\\BoundMethod::callBoundMethod(Object(Illuminate\\Foundation\\Application), Array, Object(Closure))
#24 /opt/lampp/htdocs/Dapin-CMS/vendor/laravel/framework/src/Illuminate/Container/Container.php(661): Illuminate\\Container\\BoundMethod::call(Object(Illuminate\\Foundation\\Application), Array, Array, NULL)
#25 /opt/lampp/htdocs/Dapin-CMS/vendor/laravel/framework/src/Illuminate/Foundation/Application.php(954): Illuminate\\Container\\Container->call(Array)
#26 /opt/lampp/htdocs/Dapin-CMS/vendor/laravel/framework/src/Illuminate/Foundation/Application.php(935): Illuminate\\Foundation\\Application->bootProvider(Object(App\\Providers\\AppServiceProvider))
#27 [internal function]: Illuminate\\Foundation\\Application->Illuminate\\Foundation\\{closure}(Object(App\\Providers\\AppServiceProvider), 39)
#28 /opt/lampp/htdocs/Dapin-CMS/vendor/laravel/framework/src/Illuminate/Foundation/Application.php(934): array_walk(Array, Object(Closure))
#29 /opt/lampp/htdocs/Dapin-CMS/vendor/laravel/framework/src/Illuminate/Foundation/Bootstrap/BootProviders.php(17): Illuminate\\Foundation\\Application->boot()
#30 /opt/lampp/htdocs/Dapin-CMS/vendor/laravel/framework/src/Illuminate/Foundation/Application.php(265): Illuminate\\Foundation\\Bootstrap\\BootProviders->bootstrap(Object(Illuminate\\Foundation\\Application))
#31 /opt/lampp/htdocs/Dapin-CMS/vendor/laravel/framework/src/Illuminate/Foundation/Console/Kernel.php(383): Illuminate\\Foundation\\Application->bootstrapWith(Array)
#32 /opt/lampp/htdocs/Dapin-CMS/vendor/laravel/framework/src/Illuminate/Foundation/Console/Kernel.php(153): Illuminate\\Foundation\\Console\\Kernel->bootstrap()
#33 /opt/lampp/htdocs/Dapin-CMS/artisan(35): Illuminate\\Foundation\\Console\\Kernel->handle(Object(Symfony\\Component\\Console\\Input\\ArgvInput), Object(Symfony\\Component\\Console\\Output\\ConsoleOutput))
#34 {main}
"} 
[2025-08-15 12:38:11] local.ERROR: SQLSTATE[HY000] [1049] Unknown database 'college' (SQL: select * from `settings` where `status` = 1 limit 1) {"exception":"[object] (Illuminate\\Database\\QueryException(code: 1049): SQLSTATE[HY000] [1049] Unknown database 'college' (SQL: select * from `settings` where `status` = 1 limit 1) at /opt/lampp/htdocs/Dapin-CMS/vendor/laravel/framework/src/Illuminate/Database/Connection.php:760)
[stacktrace]
#0 /opt/lampp/htdocs/Dapin-CMS/vendor/laravel/framework/src/Illuminate/Database/Connection.php(720): Illuminate\\Database\\Connection->runQueryCallback('select * from `...', Array, Object(Closure))
#1 /opt/lampp/htdocs/Dapin-CMS/vendor/laravel/framework/src/Illuminate/Database/Connection.php(405): Illuminate\\Database\\Connection->run('select * from `...', Array, Object(Closure))
#2 /opt/lampp/htdocs/Dapin-CMS/vendor/laravel/framework/src/Illuminate/Database/Query/Builder.php(2705): Illuminate\\Database\\Connection->select('select * from `...', Array, true)
#3 /opt/lampp/htdocs/Dapin-CMS/vendor/laravel/framework/src/Illuminate/Database/Query/Builder.php(2694): Illuminate\\Database\\Query\\Builder->runSelect()
#4 /opt/lampp/htdocs/Dapin-CMS/vendor/laravel/framework/src/Illuminate/Database/Query/Builder.php(3230): Illuminate\\Database\\Query\\Builder->Illuminate\\Database\\Query\\{closure}()
#5 /opt/lampp/htdocs/Dapin-CMS/vendor/laravel/framework/src/Illuminate/Database/Query/Builder.php(2693): Illuminate\\Database\\Query\\Builder->onceWithColumns(Array, Object(Closure))
#6 /opt/lampp/htdocs/Dapin-CMS/vendor/laravel/framework/src/Illuminate/Database/Eloquent/Builder.php(710): Illuminate\\Database\\Query\\Builder->get(Array)
#7 /opt/lampp/htdocs/Dapin-CMS/vendor/laravel/framework/src/Illuminate/Database/Eloquent/Builder.php(694): Illuminate\\Database\\Eloquent\\Builder->getModels(Array)
#8 /opt/lampp/htdocs/Dapin-CMS/vendor/laravel/framework/src/Illuminate/Database/Concerns/BuildsQueries.php(296): Illuminate\\Database\\Eloquent\\Builder->get(Array)
#9 /opt/lampp/htdocs/Dapin-CMS/app/Providers/AppServiceProvider.php(42): Illuminate\\Database\\Eloquent\\Builder->first()
#10 /opt/lampp/htdocs/Dapin-CMS/vendor/laravel/framework/src/Illuminate/Container/BoundMethod.php(36): App\\Providers\\AppServiceProvider->boot()
#11 /opt/lampp/htdocs/Dapin-CMS/vendor/laravel/framework/src/Illuminate/Container/Util.php(41): Illuminate\\Container\\BoundMethod::Illuminate\\Container\\{closure}()
#12 /opt/lampp/htdocs/Dapin-CMS/vendor/laravel/framework/src/Illuminate/Container/BoundMethod.php(93): Illuminate\\Container\\Util::unwrapIfClosure(Object(Closure))
#13 /opt/lampp/htdocs/Dapin-CMS/vendor/laravel/framework/src/Illuminate/Container/BoundMethod.php(35): Illuminate\\Container\\BoundMethod::callBoundMethod(Object(Illuminate\\Foundation\\Application), Array, Object(Closure))
#14 /opt/lampp/htdocs/Dapin-CMS/vendor/laravel/framework/src/Illuminate/Container/Container.php(661): Illuminate\\Container\\BoundMethod::call(Object(Illuminate\\Foundation\\Application), Array, Array, NULL)
#15 /opt/lampp/htdocs/Dapin-CMS/vendor/laravel/framework/src/Illuminate/Foundation/Application.php(954): Illuminate\\Container\\Container->call(Array)
#16 /opt/lampp/htdocs/Dapin-CMS/vendor/laravel/framework/src/Illuminate/Foundation/Application.php(935): Illuminate\\Foundation\\Application->bootProvider(Object(App\\Providers\\AppServiceProvider))
#17 [internal function]: Illuminate\\Foundation\\Application->Illuminate\\Foundation\\{closure}(Object(App\\Providers\\AppServiceProvider), 39)
#18 /opt/lampp/htdocs/Dapin-CMS/vendor/laravel/framework/src/Illuminate/Foundation/Application.php(934): array_walk(Array, Object(Closure))
#19 /opt/lampp/htdocs/Dapin-CMS/vendor/laravel/framework/src/Illuminate/Foundation/Bootstrap/BootProviders.php(17): Illuminate\\Foundation\\Application->boot()
#20 /opt/lampp/htdocs/Dapin-CMS/vendor/laravel/framework/src/Illuminate/Foundation/Application.php(265): Illuminate\\Foundation\\Bootstrap\\BootProviders->bootstrap(Object(Illuminate\\Foundation\\Application))
#21 /opt/lampp/htdocs/Dapin-CMS/vendor/laravel/framework/src/Illuminate/Foundation/Console/Kernel.php(383): Illuminate\\Foundation\\Application->bootstrapWith(Array)
#22 /opt/lampp/htdocs/Dapin-CMS/vendor/laravel/framework/src/Illuminate/Foundation/Console/Kernel.php(153): Illuminate\\Foundation\\Console\\Kernel->bootstrap()
#23 /opt/lampp/htdocs/Dapin-CMS/artisan(35): Illuminate\\Foundation\\Console\\Kernel->handle(Object(Symfony\\Component\\Console\\Input\\ArgvInput), Object(Symfony\\Component\\Console\\Output\\ConsoleOutput))
#24 {main}

[previous exception] [object] (PDOException(code: 1049): SQLSTATE[HY000] [1049] Unknown database 'college' at /opt/lampp/htdocs/Dapin-CMS/vendor/laravel/framework/src/Illuminate/Database/Connectors/Connector.php:70)
[stacktrace]
#0 /opt/lampp/htdocs/Dapin-CMS/vendor/laravel/framework/src/Illuminate/Database/Connectors/Connector.php(70): PDO->__construct('mysql:host=127....', 'root', Object(SensitiveParameterValue), Array)
#1 /opt/lampp/htdocs/Dapin-CMS/vendor/laravel/framework/src/Illuminate/Database/Connectors/Connector.php(45): Illuminate\\Database\\Connectors\\Connector->createPdoConnection('mysql:host=127....', 'root', '', Array)
#2 /opt/lampp/htdocs/Dapin-CMS/vendor/laravel/framework/src/Illuminate/Database/Connectors/MySqlConnector.php(24): Illuminate\\Database\\Connectors\\Connector->createConnection('mysql:host=127....', Array, Array)
#3 /opt/lampp/htdocs/Dapin-CMS/vendor/laravel/framework/src/Illuminate/Database/Connectors/ConnectionFactory.php(184): Illuminate\\Database\\Connectors\\MySqlConnector->connect(Array)
#4 [internal function]: Illuminate\\Database\\Connectors\\ConnectionFactory->Illuminate\\Database\\Connectors\\{closure}()
#5 /opt/lampp/htdocs/Dapin-CMS/vendor/laravel/framework/src/Illuminate/Database/Connection.php(1181): call_user_func(Object(Closure))
#6 /opt/lampp/htdocs/Dapin-CMS/vendor/laravel/framework/src/Illuminate/Database/Connection.php(1217): Illuminate\\Database\\Connection->getPdo()
#7 /opt/lampp/htdocs/Dapin-CMS/vendor/laravel/framework/src/Illuminate/Database/Connection.php(486): Illuminate\\Database\\Connection->getReadPdo()
#8 /opt/lampp/htdocs/Dapin-CMS/vendor/laravel/framework/src/Illuminate/Database/Connection.php(414): Illuminate\\Database\\Connection->getPdoForSelect(true)
#9 /opt/lampp/htdocs/Dapin-CMS/vendor/laravel/framework/src/Illuminate/Database/Connection.php(753): Illuminate\\Database\\Connection->Illuminate\\Database\\{closure}('select * from `...', Array)
#10 /opt/lampp/htdocs/Dapin-CMS/vendor/laravel/framework/src/Illuminate/Database/Connection.php(720): Illuminate\\Database\\Connection->runQueryCallback('select * from `...', Array, Object(Closure))
#11 /opt/lampp/htdocs/Dapin-CMS/vendor/laravel/framework/src/Illuminate/Database/Connection.php(405): Illuminate\\Database\\Connection->run('select * from `...', Array, Object(Closure))
#12 /opt/lampp/htdocs/Dapin-CMS/vendor/laravel/framework/src/Illuminate/Database/Query/Builder.php(2705): Illuminate\\Database\\Connection->select('select * from `...', Array, true)
#13 /opt/lampp/htdocs/Dapin-CMS/vendor/laravel/framework/src/Illuminate/Database/Query/Builder.php(2694): Illuminate\\Database\\Query\\Builder->runSelect()
#14 /opt/lampp/htdocs/Dapin-CMS/vendor/laravel/framework/src/Illuminate/Database/Query/Builder.php(3230): Illuminate\\Database\\Query\\Builder->Illuminate\\Database\\Query\\{closure}()
#15 /opt/lampp/htdocs/Dapin-CMS/vendor/laravel/framework/src/Illuminate/Database/Query/Builder.php(2693): Illuminate\\Database\\Query\\Builder->onceWithColumns(Array, Object(Closure))
#16 /opt/lampp/htdocs/Dapin-CMS/vendor/laravel/framework/src/Illuminate/Database/Eloquent/Builder.php(710): Illuminate\\Database\\Query\\Builder->get(Array)
#17 /opt/lampp/htdocs/Dapin-CMS/vendor/laravel/framework/src/Illuminate/Database/Eloquent/Builder.php(694): Illuminate\\Database\\Eloquent\\Builder->getModels(Array)
#18 /opt/lampp/htdocs/Dapin-CMS/vendor/laravel/framework/src/Illuminate/Database/Concerns/BuildsQueries.php(296): Illuminate\\Database\\Eloquent\\Builder->get(Array)
#19 /opt/lampp/htdocs/Dapin-CMS/app/Providers/AppServiceProvider.php(42): Illuminate\\Database\\Eloquent\\Builder->first()
#20 /opt/lampp/htdocs/Dapin-CMS/vendor/laravel/framework/src/Illuminate/Container/BoundMethod.php(36): App\\Providers\\AppServiceProvider->boot()
#21 /opt/lampp/htdocs/Dapin-CMS/vendor/laravel/framework/src/Illuminate/Container/Util.php(41): Illuminate\\Container\\BoundMethod::Illuminate\\Container\\{closure}()
#22 /opt/lampp/htdocs/Dapin-CMS/vendor/laravel/framework/src/Illuminate/Container/BoundMethod.php(93): Illuminate\\Container\\Util::unwrapIfClosure(Object(Closure))
#23 /opt/lampp/htdocs/Dapin-CMS/vendor/laravel/framework/src/Illuminate/Container/BoundMethod.php(35): Illuminate\\Container\\BoundMethod::callBoundMethod(Object(Illuminate\\Foundation\\Application), Array, Object(Closure))
#24 /opt/lampp/htdocs/Dapin-CMS/vendor/laravel/framework/src/Illuminate/Container/Container.php(661): Illuminate\\Container\\BoundMethod::call(Object(Illuminate\\Foundation\\Application), Array, Array, NULL)
#25 /opt/lampp/htdocs/Dapin-CMS/vendor/laravel/framework/src/Illuminate/Foundation/Application.php(954): Illuminate\\Container\\Container->call(Array)
#26 /opt/lampp/htdocs/Dapin-CMS/vendor/laravel/framework/src/Illuminate/Foundation/Application.php(935): Illuminate\\Foundation\\Application->bootProvider(Object(App\\Providers\\AppServiceProvider))
#27 [internal function]: Illuminate\\Foundation\\Application->Illuminate\\Foundation\\{closure}(Object(App\\Providers\\AppServiceProvider), 39)
#28 /opt/lampp/htdocs/Dapin-CMS/vendor/laravel/framework/src/Illuminate/Foundation/Application.php(934): array_walk(Array, Object(Closure))
#29 /opt/lampp/htdocs/Dapin-CMS/vendor/laravel/framework/src/Illuminate/Foundation/Bootstrap/BootProviders.php(17): Illuminate\\Foundation\\Application->boot()
#30 /opt/lampp/htdocs/Dapin-CMS/vendor/laravel/framework/src/Illuminate/Foundation/Application.php(265): Illuminate\\Foundation\\Bootstrap\\BootProviders->bootstrap(Object(Illuminate\\Foundation\\Application))
#31 /opt/lampp/htdocs/Dapin-CMS/vendor/laravel/framework/src/Illuminate/Foundation/Console/Kernel.php(383): Illuminate\\Foundation\\Application->bootstrapWith(Array)
#32 /opt/lampp/htdocs/Dapin-CMS/vendor/laravel/framework/src/Illuminate/Foundation/Console/Kernel.php(153): Illuminate\\Foundation\\Console\\Kernel->bootstrap()
#33 /opt/lampp/htdocs/Dapin-CMS/artisan(35): Illuminate\\Foundation\\Console\\Kernel->handle(Object(Symfony\\Component\\Console\\Input\\ArgvInput), Object(Symfony\\Component\\Console\\Output\\ConsoleOutput))
#34 {main}
"} 
[2025-08-15 12:38:12] local.ERROR: SQLSTATE[HY000] [1049] Unknown database 'college' (SQL: select * from `settings` where `status` = 1 limit 1) {"exception":"[object] (Illuminate\\Database\\QueryException(code: 1049): SQLSTATE[HY000] [1049] Unknown database 'college' (SQL: select * from `settings` where `status` = 1 limit 1) at /opt/lampp/htdocs/Dapin-CMS/vendor/laravel/framework/src/Illuminate/Database/Connection.php:760)
[stacktrace]
#0 /opt/lampp/htdocs/Dapin-CMS/vendor/laravel/framework/src/Illuminate/Database/Connection.php(720): Illuminate\\Database\\Connection->runQueryCallback('select * from `...', Array, Object(Closure))
#1 /opt/lampp/htdocs/Dapin-CMS/vendor/laravel/framework/src/Illuminate/Database/Connection.php(405): Illuminate\\Database\\Connection->run('select * from `...', Array, Object(Closure))
#2 /opt/lampp/htdocs/Dapin-CMS/vendor/laravel/framework/src/Illuminate/Database/Query/Builder.php(2705): Illuminate\\Database\\Connection->select('select * from `...', Array, true)
#3 /opt/lampp/htdocs/Dapin-CMS/vendor/laravel/framework/src/Illuminate/Database/Query/Builder.php(2694): Illuminate\\Database\\Query\\Builder->runSelect()
#4 /opt/lampp/htdocs/Dapin-CMS/vendor/laravel/framework/src/Illuminate/Database/Query/Builder.php(3230): Illuminate\\Database\\Query\\Builder->Illuminate\\Database\\Query\\{closure}()
#5 /opt/lampp/htdocs/Dapin-CMS/vendor/laravel/framework/src/Illuminate/Database/Query/Builder.php(2693): Illuminate\\Database\\Query\\Builder->onceWithColumns(Array, Object(Closure))
#6 /opt/lampp/htdocs/Dapin-CMS/vendor/laravel/framework/src/Illuminate/Database/Eloquent/Builder.php(710): Illuminate\\Database\\Query\\Builder->get(Array)
#7 /opt/lampp/htdocs/Dapin-CMS/vendor/laravel/framework/src/Illuminate/Database/Eloquent/Builder.php(694): Illuminate\\Database\\Eloquent\\Builder->getModels(Array)
#8 /opt/lampp/htdocs/Dapin-CMS/vendor/laravel/framework/src/Illuminate/Database/Concerns/BuildsQueries.php(296): Illuminate\\Database\\Eloquent\\Builder->get(Array)
#9 /opt/lampp/htdocs/Dapin-CMS/app/Providers/AppServiceProvider.php(42): Illuminate\\Database\\Eloquent\\Builder->first()
#10 /opt/lampp/htdocs/Dapin-CMS/vendor/laravel/framework/src/Illuminate/Container/BoundMethod.php(36): App\\Providers\\AppServiceProvider->boot()
#11 /opt/lampp/htdocs/Dapin-CMS/vendor/laravel/framework/src/Illuminate/Container/Util.php(41): Illuminate\\Container\\BoundMethod::Illuminate\\Container\\{closure}()
#12 /opt/lampp/htdocs/Dapin-CMS/vendor/laravel/framework/src/Illuminate/Container/BoundMethod.php(93): Illuminate\\Container\\Util::unwrapIfClosure(Object(Closure))
#13 /opt/lampp/htdocs/Dapin-CMS/vendor/laravel/framework/src/Illuminate/Container/BoundMethod.php(35): Illuminate\\Container\\BoundMethod::callBoundMethod(Object(Illuminate\\Foundation\\Application), Array, Object(Closure))
#14 /opt/lampp/htdocs/Dapin-CMS/vendor/laravel/framework/src/Illuminate/Container/Container.php(661): Illuminate\\Container\\BoundMethod::call(Object(Illuminate\\Foundation\\Application), Array, Array, NULL)
#15 /opt/lampp/htdocs/Dapin-CMS/vendor/laravel/framework/src/Illuminate/Foundation/Application.php(954): Illuminate\\Container\\Container->call(Array)
#16 /opt/lampp/htdocs/Dapin-CMS/vendor/laravel/framework/src/Illuminate/Foundation/Application.php(935): Illuminate\\Foundation\\Application->bootProvider(Object(App\\Providers\\AppServiceProvider))
#17 [internal function]: Illuminate\\Foundation\\Application->Illuminate\\Foundation\\{closure}(Object(App\\Providers\\AppServiceProvider), 39)
#18 /opt/lampp/htdocs/Dapin-CMS/vendor/laravel/framework/src/Illuminate/Foundation/Application.php(934): array_walk(Array, Object(Closure))
#19 /opt/lampp/htdocs/Dapin-CMS/vendor/laravel/framework/src/Illuminate/Foundation/Bootstrap/BootProviders.php(17): Illuminate\\Foundation\\Application->boot()
#20 /opt/lampp/htdocs/Dapin-CMS/vendor/laravel/framework/src/Illuminate/Foundation/Application.php(265): Illuminate\\Foundation\\Bootstrap\\BootProviders->bootstrap(Object(Illuminate\\Foundation\\Application))
#21 /opt/lampp/htdocs/Dapin-CMS/vendor/laravel/framework/src/Illuminate/Foundation/Console/Kernel.php(383): Illuminate\\Foundation\\Application->bootstrapWith(Array)
#22 /opt/lampp/htdocs/Dapin-CMS/vendor/laravel/framework/src/Illuminate/Foundation/Console/Kernel.php(153): Illuminate\\Foundation\\Console\\Kernel->bootstrap()
#23 /opt/lampp/htdocs/Dapin-CMS/artisan(35): Illuminate\\Foundation\\Console\\Kernel->handle(Object(Symfony\\Component\\Console\\Input\\ArgvInput), Object(Symfony\\Component\\Console\\Output\\ConsoleOutput))
#24 {main}

[previous exception] [object] (PDOException(code: 1049): SQLSTATE[HY000] [1049] Unknown database 'college' at /opt/lampp/htdocs/Dapin-CMS/vendor/laravel/framework/src/Illuminate/Database/Connectors/Connector.php:70)
[stacktrace]
#0 /opt/lampp/htdocs/Dapin-CMS/vendor/laravel/framework/src/Illuminate/Database/Connectors/Connector.php(70): PDO->__construct('mysql:host=127....', 'root', Object(SensitiveParameterValue), Array)
#1 /opt/lampp/htdocs/Dapin-CMS/vendor/laravel/framework/src/Illuminate/Database/Connectors/Connector.php(45): Illuminate\\Database\\Connectors\\Connector->createPdoConnection('mysql:host=127....', 'root', '', Array)
#2 /opt/lampp/htdocs/Dapin-CMS/vendor/laravel/framework/src/Illuminate/Database/Connectors/MySqlConnector.php(24): Illuminate\\Database\\Connectors\\Connector->createConnection('mysql:host=127....', Array, Array)
#3 /opt/lampp/htdocs/Dapin-CMS/vendor/laravel/framework/src/Illuminate/Database/Connectors/ConnectionFactory.php(184): Illuminate\\Database\\Connectors\\MySqlConnector->connect(Array)
#4 [internal function]: Illuminate\\Database\\Connectors\\ConnectionFactory->Illuminate\\Database\\Connectors\\{closure}()
#5 /opt/lampp/htdocs/Dapin-CMS/vendor/laravel/framework/src/Illuminate/Database/Connection.php(1181): call_user_func(Object(Closure))
#6 /opt/lampp/htdocs/Dapin-CMS/vendor/laravel/framework/src/Illuminate/Database/Connection.php(1217): Illuminate\\Database\\Connection->getPdo()
#7 /opt/lampp/htdocs/Dapin-CMS/vendor/laravel/framework/src/Illuminate/Database/Connection.php(486): Illuminate\\Database\\Connection->getReadPdo()
#8 /opt/lampp/htdocs/Dapin-CMS/vendor/laravel/framework/src/Illuminate/Database/Connection.php(414): Illuminate\\Database\\Connection->getPdoForSelect(true)
#9 /opt/lampp/htdocs/Dapin-CMS/vendor/laravel/framework/src/Illuminate/Database/Connection.php(753): Illuminate\\Database\\Connection->Illuminate\\Database\\{closure}('select * from `...', Array)
#10 /opt/lampp/htdocs/Dapin-CMS/vendor/laravel/framework/src/Illuminate/Database/Connection.php(720): Illuminate\\Database\\Connection->runQueryCallback('select * from `...', Array, Object(Closure))
#11 /opt/lampp/htdocs/Dapin-CMS/vendor/laravel/framework/src/Illuminate/Database/Connection.php(405): Illuminate\\Database\\Connection->run('select * from `...', Array, Object(Closure))
#12 /opt/lampp/htdocs/Dapin-CMS/vendor/laravel/framework/src/Illuminate/Database/Query/Builder.php(2705): Illuminate\\Database\\Connection->select('select * from `...', Array, true)
#13 /opt/lampp/htdocs/Dapin-CMS/vendor/laravel/framework/src/Illuminate/Database/Query/Builder.php(2694): Illuminate\\Database\\Query\\Builder->runSelect()
#14 /opt/lampp/htdocs/Dapin-CMS/vendor/laravel/framework/src/Illuminate/Database/Query/Builder.php(3230): Illuminate\\Database\\Query\\Builder->Illuminate\\Database\\Query\\{closure}()
#15 /opt/lampp/htdocs/Dapin-CMS/vendor/laravel/framework/src/Illuminate/Database/Query/Builder.php(2693): Illuminate\\Database\\Query\\Builder->onceWithColumns(Array, Object(Closure))
#16 /opt/lampp/htdocs/Dapin-CMS/vendor/laravel/framework/src/Illuminate/Database/Eloquent/Builder.php(710): Illuminate\\Database\\Query\\Builder->get(Array)
#17 /opt/lampp/htdocs/Dapin-CMS/vendor/laravel/framework/src/Illuminate/Database/Eloquent/Builder.php(694): Illuminate\\Database\\Eloquent\\Builder->getModels(Array)
#18 /opt/lampp/htdocs/Dapin-CMS/vendor/laravel/framework/src/Illuminate/Database/Concerns/BuildsQueries.php(296): Illuminate\\Database\\Eloquent\\Builder->get(Array)
#19 /opt/lampp/htdocs/Dapin-CMS/app/Providers/AppServiceProvider.php(42): Illuminate\\Database\\Eloquent\\Builder->first()
#20 /opt/lampp/htdocs/Dapin-CMS/vendor/laravel/framework/src/Illuminate/Container/BoundMethod.php(36): App\\Providers\\AppServiceProvider->boot()
#21 /opt/lampp/htdocs/Dapin-CMS/vendor/laravel/framework/src/Illuminate/Container/Util.php(41): Illuminate\\Container\\BoundMethod::Illuminate\\Container\\{closure}()
#22 /opt/lampp/htdocs/Dapin-CMS/vendor/laravel/framework/src/Illuminate/Container/BoundMethod.php(93): Illuminate\\Container\\Util::unwrapIfClosure(Object(Closure))
#23 /opt/lampp/htdocs/Dapin-CMS/vendor/laravel/framework/src/Illuminate/Container/BoundMethod.php(35): Illuminate\\Container\\BoundMethod::callBoundMethod(Object(Illuminate\\Foundation\\Application), Array, Object(Closure))
#24 /opt/lampp/htdocs/Dapin-CMS/vendor/laravel/framework/src/Illuminate/Container/Container.php(661): Illuminate\\Container\\BoundMethod::call(Object(Illuminate\\Foundation\\Application), Array, Array, NULL)
#25 /opt/lampp/htdocs/Dapin-CMS/vendor/laravel/framework/src/Illuminate/Foundation/Application.php(954): Illuminate\\Container\\Container->call(Array)
#26 /opt/lampp/htdocs/Dapin-CMS/vendor/laravel/framework/src/Illuminate/Foundation/Application.php(935): Illuminate\\Foundation\\Application->bootProvider(Object(App\\Providers\\AppServiceProvider))
#27 [internal function]: Illuminate\\Foundation\\Application->Illuminate\\Foundation\\{closure}(Object(App\\Providers\\AppServiceProvider), 39)
#28 /opt/lampp/htdocs/Dapin-CMS/vendor/laravel/framework/src/Illuminate/Foundation/Application.php(934): array_walk(Array, Object(Closure))
#29 /opt/lampp/htdocs/Dapin-CMS/vendor/laravel/framework/src/Illuminate/Foundation/Bootstrap/BootProviders.php(17): Illuminate\\Foundation\\Application->boot()
#30 /opt/lampp/htdocs/Dapin-CMS/vendor/laravel/framework/src/Illuminate/Foundation/Application.php(265): Illuminate\\Foundation\\Bootstrap\\BootProviders->bootstrap(Object(Illuminate\\Foundation\\Application))
#31 /opt/lampp/htdocs/Dapin-CMS/vendor/laravel/framework/src/Illuminate/Foundation/Console/Kernel.php(383): Illuminate\\Foundation\\Application->bootstrapWith(Array)
#32 /opt/lampp/htdocs/Dapin-CMS/vendor/laravel/framework/src/Illuminate/Foundation/Console/Kernel.php(153): Illuminate\\Foundation\\Console\\Kernel->bootstrap()
#33 /opt/lampp/htdocs/Dapin-CMS/artisan(35): Illuminate\\Foundation\\Console\\Kernel->handle(Object(Symfony\\Component\\Console\\Input\\ArgvInput), Object(Symfony\\Component\\Console\\Output\\ConsoleOutput))
#34 {main}
"} 
[2025-08-15 12:38:44] local.ERROR: SQLSTATE[HY000] [1049] Unknown database 'college' (SQL: select * from `settings` where `status` = 1 limit 1) {"exception":"[object] (Illuminate\\Database\\QueryException(code: 1049): SQLSTATE[HY000] [1049] Unknown database 'college' (SQL: select * from `settings` where `status` = 1 limit 1) at /opt/lampp/htdocs/Dapin-CMS/vendor/laravel/framework/src/Illuminate/Database/Connection.php:760)
[stacktrace]
#0 /opt/lampp/htdocs/Dapin-CMS/vendor/laravel/framework/src/Illuminate/Database/Connection.php(720): Illuminate\\Database\\Connection->runQueryCallback('select * from `...', Array, Object(Closure))
#1 /opt/lampp/htdocs/Dapin-CMS/vendor/laravel/framework/src/Illuminate/Database/Connection.php(405): Illuminate\\Database\\Connection->run('select * from `...', Array, Object(Closure))
#2 /opt/lampp/htdocs/Dapin-CMS/vendor/laravel/framework/src/Illuminate/Database/Query/Builder.php(2705): Illuminate\\Database\\Connection->select('select * from `...', Array, true)
#3 /opt/lampp/htdocs/Dapin-CMS/vendor/laravel/framework/src/Illuminate/Database/Query/Builder.php(2694): Illuminate\\Database\\Query\\Builder->runSelect()
#4 /opt/lampp/htdocs/Dapin-CMS/vendor/laravel/framework/src/Illuminate/Database/Query/Builder.php(3230): Illuminate\\Database\\Query\\Builder->Illuminate\\Database\\Query\\{closure}()
#5 /opt/lampp/htdocs/Dapin-CMS/vendor/laravel/framework/src/Illuminate/Database/Query/Builder.php(2693): Illuminate\\Database\\Query\\Builder->onceWithColumns(Array, Object(Closure))
#6 /opt/lampp/htdocs/Dapin-CMS/vendor/laravel/framework/src/Illuminate/Database/Eloquent/Builder.php(710): Illuminate\\Database\\Query\\Builder->get(Array)
#7 /opt/lampp/htdocs/Dapin-CMS/vendor/laravel/framework/src/Illuminate/Database/Eloquent/Builder.php(694): Illuminate\\Database\\Eloquent\\Builder->getModels(Array)
#8 /opt/lampp/htdocs/Dapin-CMS/vendor/laravel/framework/src/Illuminate/Database/Concerns/BuildsQueries.php(296): Illuminate\\Database\\Eloquent\\Builder->get(Array)
#9 /opt/lampp/htdocs/Dapin-CMS/app/Providers/AppServiceProvider.php(40): Illuminate\\Database\\Eloquent\\Builder->first()
#10 /opt/lampp/htdocs/Dapin-CMS/vendor/laravel/framework/src/Illuminate/Container/BoundMethod.php(36): App\\Providers\\AppServiceProvider->boot()
#11 /opt/lampp/htdocs/Dapin-CMS/vendor/laravel/framework/src/Illuminate/Container/Util.php(41): Illuminate\\Container\\BoundMethod::Illuminate\\Container\\{closure}()
#12 /opt/lampp/htdocs/Dapin-CMS/vendor/laravel/framework/src/Illuminate/Container/BoundMethod.php(93): Illuminate\\Container\\Util::unwrapIfClosure(Object(Closure))
#13 /opt/lampp/htdocs/Dapin-CMS/vendor/laravel/framework/src/Illuminate/Container/BoundMethod.php(35): Illuminate\\Container\\BoundMethod::callBoundMethod(Object(Illuminate\\Foundation\\Application), Array, Object(Closure))
#14 /opt/lampp/htdocs/Dapin-CMS/vendor/laravel/framework/src/Illuminate/Container/Container.php(661): Illuminate\\Container\\BoundMethod::call(Object(Illuminate\\Foundation\\Application), Array, Array, NULL)
#15 /opt/lampp/htdocs/Dapin-CMS/vendor/laravel/framework/src/Illuminate/Foundation/Application.php(954): Illuminate\\Container\\Container->call(Array)
#16 /opt/lampp/htdocs/Dapin-CMS/vendor/laravel/framework/src/Illuminate/Foundation/Application.php(935): Illuminate\\Foundation\\Application->bootProvider(Object(App\\Providers\\AppServiceProvider))
#17 [internal function]: Illuminate\\Foundation\\Application->Illuminate\\Foundation\\{closure}(Object(App\\Providers\\AppServiceProvider), 39)
#18 /opt/lampp/htdocs/Dapin-CMS/vendor/laravel/framework/src/Illuminate/Foundation/Application.php(934): array_walk(Array, Object(Closure))
#19 /opt/lampp/htdocs/Dapin-CMS/vendor/laravel/framework/src/Illuminate/Foundation/Bootstrap/BootProviders.php(17): Illuminate\\Foundation\\Application->boot()
#20 /opt/lampp/htdocs/Dapin-CMS/vendor/laravel/framework/src/Illuminate/Foundation/Application.php(265): Illuminate\\Foundation\\Bootstrap\\BootProviders->bootstrap(Object(Illuminate\\Foundation\\Application))
#21 /opt/lampp/htdocs/Dapin-CMS/vendor/laravel/framework/src/Illuminate/Foundation/Console/Kernel.php(383): Illuminate\\Foundation\\Application->bootstrapWith(Array)
#22 /opt/lampp/htdocs/Dapin-CMS/vendor/laravel/framework/src/Illuminate/Foundation/Console/Kernel.php(153): Illuminate\\Foundation\\Console\\Kernel->bootstrap()
#23 /opt/lampp/htdocs/Dapin-CMS/artisan(35): Illuminate\\Foundation\\Console\\Kernel->handle(Object(Symfony\\Component\\Console\\Input\\ArgvInput), Object(Symfony\\Component\\Console\\Output\\ConsoleOutput))
#24 {main}

[previous exception] [object] (PDOException(code: 1049): SQLSTATE[HY000] [1049] Unknown database 'college' at /opt/lampp/htdocs/Dapin-CMS/vendor/laravel/framework/src/Illuminate/Database/Connectors/Connector.php:70)
[stacktrace]
#0 /opt/lampp/htdocs/Dapin-CMS/vendor/laravel/framework/src/Illuminate/Database/Connectors/Connector.php(70): PDO->__construct('mysql:host=127....', 'root', Object(SensitiveParameterValue), Array)
#1 /opt/lampp/htdocs/Dapin-CMS/vendor/laravel/framework/src/Illuminate/Database/Connectors/Connector.php(45): Illuminate\\Database\\Connectors\\Connector->createPdoConnection('mysql:host=127....', 'root', '', Array)
#2 /opt/lampp/htdocs/Dapin-CMS/vendor/laravel/framework/src/Illuminate/Database/Connectors/MySqlConnector.php(24): Illuminate\\Database\\Connectors\\Connector->createConnection('mysql:host=127....', Array, Array)
#3 /opt/lampp/htdocs/Dapin-CMS/vendor/laravel/framework/src/Illuminate/Database/Connectors/ConnectionFactory.php(184): Illuminate\\Database\\Connectors\\MySqlConnector->connect(Array)
#4 [internal function]: Illuminate\\Database\\Connectors\\ConnectionFactory->Illuminate\\Database\\Connectors\\{closure}()
#5 /opt/lampp/htdocs/Dapin-CMS/vendor/laravel/framework/src/Illuminate/Database/Connection.php(1181): call_user_func(Object(Closure))
#6 /opt/lampp/htdocs/Dapin-CMS/vendor/laravel/framework/src/Illuminate/Database/Connection.php(1217): Illuminate\\Database\\Connection->getPdo()
#7 /opt/lampp/htdocs/Dapin-CMS/vendor/laravel/framework/src/Illuminate/Database/Connection.php(486): Illuminate\\Database\\Connection->getReadPdo()
#8 /opt/lampp/htdocs/Dapin-CMS/vendor/laravel/framework/src/Illuminate/Database/Connection.php(414): Illuminate\\Database\\Connection->getPdoForSelect(true)
#9 /opt/lampp/htdocs/Dapin-CMS/vendor/laravel/framework/src/Illuminate/Database/Connection.php(753): Illuminate\\Database\\Connection->Illuminate\\Database\\{closure}('select * from `...', Array)
#10 /opt/lampp/htdocs/Dapin-CMS/vendor/laravel/framework/src/Illuminate/Database/Connection.php(720): Illuminate\\Database\\Connection->runQueryCallback('select * from `...', Array, Object(Closure))
#11 /opt/lampp/htdocs/Dapin-CMS/vendor/laravel/framework/src/Illuminate/Database/Connection.php(405): Illuminate\\Database\\Connection->run('select * from `...', Array, Object(Closure))
#12 /opt/lampp/htdocs/Dapin-CMS/vendor/laravel/framework/src/Illuminate/Database/Query/Builder.php(2705): Illuminate\\Database\\Connection->select('select * from `...', Array, true)
#13 /opt/lampp/htdocs/Dapin-CMS/vendor/laravel/framework/src/Illuminate/Database/Query/Builder.php(2694): Illuminate\\Database\\Query\\Builder->runSelect()
#14 /opt/lampp/htdocs/Dapin-CMS/vendor/laravel/framework/src/Illuminate/Database/Query/Builder.php(3230): Illuminate\\Database\\Query\\Builder->Illuminate\\Database\\Query\\{closure}()
#15 /opt/lampp/htdocs/Dapin-CMS/vendor/laravel/framework/src/Illuminate/Database/Query/Builder.php(2693): Illuminate\\Database\\Query\\Builder->onceWithColumns(Array, Object(Closure))
#16 /opt/lampp/htdocs/Dapin-CMS/vendor/laravel/framework/src/Illuminate/Database/Eloquent/Builder.php(710): Illuminate\\Database\\Query\\Builder->get(Array)
#17 /opt/lampp/htdocs/Dapin-CMS/vendor/laravel/framework/src/Illuminate/Database/Eloquent/Builder.php(694): Illuminate\\Database\\Eloquent\\Builder->getModels(Array)
#18 /opt/lampp/htdocs/Dapin-CMS/vendor/laravel/framework/src/Illuminate/Database/Concerns/BuildsQueries.php(296): Illuminate\\Database\\Eloquent\\Builder->get(Array)
#19 /opt/lampp/htdocs/Dapin-CMS/app/Providers/AppServiceProvider.php(40): Illuminate\\Database\\Eloquent\\Builder->first()
#20 /opt/lampp/htdocs/Dapin-CMS/vendor/laravel/framework/src/Illuminate/Container/BoundMethod.php(36): App\\Providers\\AppServiceProvider->boot()
#21 /opt/lampp/htdocs/Dapin-CMS/vendor/laravel/framework/src/Illuminate/Container/Util.php(41): Illuminate\\Container\\BoundMethod::Illuminate\\Container\\{closure}()
#22 /opt/lampp/htdocs/Dapin-CMS/vendor/laravel/framework/src/Illuminate/Container/BoundMethod.php(93): Illuminate\\Container\\Util::unwrapIfClosure(Object(Closure))
#23 /opt/lampp/htdocs/Dapin-CMS/vendor/laravel/framework/src/Illuminate/Container/BoundMethod.php(35): Illuminate\\Container\\BoundMethod::callBoundMethod(Object(Illuminate\\Foundation\\Application), Array, Object(Closure))
#24 /opt/lampp/htdocs/Dapin-CMS/vendor/laravel/framework/src/Illuminate/Container/Container.php(661): Illuminate\\Container\\BoundMethod::call(Object(Illuminate\\Foundation\\Application), Array, Array, NULL)
#25 /opt/lampp/htdocs/Dapin-CMS/vendor/laravel/framework/src/Illuminate/Foundation/Application.php(954): Illuminate\\Container\\Container->call(Array)
#26 /opt/lampp/htdocs/Dapin-CMS/vendor/laravel/framework/src/Illuminate/Foundation/Application.php(935): Illuminate\\Foundation\\Application->bootProvider(Object(App\\Providers\\AppServiceProvider))
#27 [internal function]: Illuminate\\Foundation\\Application->Illuminate\\Foundation\\{closure}(Object(App\\Providers\\AppServiceProvider), 39)
#28 /opt/lampp/htdocs/Dapin-CMS/vendor/laravel/framework/src/Illuminate/Foundation/Application.php(934): array_walk(Array, Object(Closure))
#29 /opt/lampp/htdocs/Dapin-CMS/vendor/laravel/framework/src/Illuminate/Foundation/Bootstrap/BootProviders.php(17): Illuminate\\Foundation\\Application->boot()
#30 /opt/lampp/htdocs/Dapin-CMS/vendor/laravel/framework/src/Illuminate/Foundation/Application.php(265): Illuminate\\Foundation\\Bootstrap\\BootProviders->bootstrap(Object(Illuminate\\Foundation\\Application))
#31 /opt/lampp/htdocs/Dapin-CMS/vendor/laravel/framework/src/Illuminate/Foundation/Console/Kernel.php(383): Illuminate\\Foundation\\Application->bootstrapWith(Array)
#32 /opt/lampp/htdocs/Dapin-CMS/vendor/laravel/framework/src/Illuminate/Foundation/Console/Kernel.php(153): Illuminate\\Foundation\\Console\\Kernel->bootstrap()
#33 /opt/lampp/htdocs/Dapin-CMS/artisan(35): Illuminate\\Foundation\\Console\\Kernel->handle(Object(Symfony\\Component\\Console\\Input\\ArgvInput), Object(Symfony\\Component\\Console\\Output\\ConsoleOutput))
#34 {main}
"} 
[2025-08-15 12:39:01] local.ERROR: SQLSTATE[HY000] [1049] Unknown database 'college' (SQL: select * from `topbar_settings` where `status` = 1 limit 1) {"exception":"[object] (Illuminate\\Database\\QueryException(code: 1049): SQLSTATE[HY000] [1049] Unknown database 'college' (SQL: select * from `topbar_settings` where `status` = 1 limit 1) at /opt/lampp/htdocs/Dapin-CMS/vendor/laravel/framework/src/Illuminate/Database/Connection.php:760)
[stacktrace]
#0 /opt/lampp/htdocs/Dapin-CMS/vendor/laravel/framework/src/Illuminate/Database/Connection.php(720): Illuminate\\Database\\Connection->runQueryCallback('select * from `...', Array, Object(Closure))
#1 /opt/lampp/htdocs/Dapin-CMS/vendor/laravel/framework/src/Illuminate/Database/Connection.php(405): Illuminate\\Database\\Connection->run('select * from `...', Array, Object(Closure))
#2 /opt/lampp/htdocs/Dapin-CMS/vendor/laravel/framework/src/Illuminate/Database/Query/Builder.php(2705): Illuminate\\Database\\Connection->select('select * from `...', Array, true)
#3 /opt/lampp/htdocs/Dapin-CMS/vendor/laravel/framework/src/Illuminate/Database/Query/Builder.php(2694): Illuminate\\Database\\Query\\Builder->runSelect()
#4 /opt/lampp/htdocs/Dapin-CMS/vendor/laravel/framework/src/Illuminate/Database/Query/Builder.php(3230): Illuminate\\Database\\Query\\Builder->Illuminate\\Database\\Query\\{closure}()
#5 /opt/lampp/htdocs/Dapin-CMS/vendor/laravel/framework/src/Illuminate/Database/Query/Builder.php(2693): Illuminate\\Database\\Query\\Builder->onceWithColumns(Array, Object(Closure))
#6 /opt/lampp/htdocs/Dapin-CMS/vendor/laravel/framework/src/Illuminate/Database/Eloquent/Builder.php(710): Illuminate\\Database\\Query\\Builder->get(Array)
#7 /opt/lampp/htdocs/Dapin-CMS/vendor/laravel/framework/src/Illuminate/Database/Eloquent/Builder.php(694): Illuminate\\Database\\Eloquent\\Builder->getModels(Array)
#8 /opt/lampp/htdocs/Dapin-CMS/vendor/laravel/framework/src/Illuminate/Database/Concerns/BuildsQueries.php(296): Illuminate\\Database\\Eloquent\\Builder->get(Array)
#9 /opt/lampp/htdocs/Dapin-CMS/app/Providers/AppServiceProvider.php(41): Illuminate\\Database\\Eloquent\\Builder->first()
#10 /opt/lampp/htdocs/Dapin-CMS/vendor/laravel/framework/src/Illuminate/Container/BoundMethod.php(36): App\\Providers\\AppServiceProvider->boot()
#11 /opt/lampp/htdocs/Dapin-CMS/vendor/laravel/framework/src/Illuminate/Container/Util.php(41): Illuminate\\Container\\BoundMethod::Illuminate\\Container\\{closure}()
#12 /opt/lampp/htdocs/Dapin-CMS/vendor/laravel/framework/src/Illuminate/Container/BoundMethod.php(93): Illuminate\\Container\\Util::unwrapIfClosure(Object(Closure))
#13 /opt/lampp/htdocs/Dapin-CMS/vendor/laravel/framework/src/Illuminate/Container/BoundMethod.php(35): Illuminate\\Container\\BoundMethod::callBoundMethod(Object(Illuminate\\Foundation\\Application), Array, Object(Closure))
#14 /opt/lampp/htdocs/Dapin-CMS/vendor/laravel/framework/src/Illuminate/Container/Container.php(661): Illuminate\\Container\\BoundMethod::call(Object(Illuminate\\Foundation\\Application), Array, Array, NULL)
#15 /opt/lampp/htdocs/Dapin-CMS/vendor/laravel/framework/src/Illuminate/Foundation/Application.php(954): Illuminate\\Container\\Container->call(Array)
#16 /opt/lampp/htdocs/Dapin-CMS/vendor/laravel/framework/src/Illuminate/Foundation/Application.php(935): Illuminate\\Foundation\\Application->bootProvider(Object(App\\Providers\\AppServiceProvider))
#17 [internal function]: Illuminate\\Foundation\\Application->Illuminate\\Foundation\\{closure}(Object(App\\Providers\\AppServiceProvider), 39)
#18 /opt/lampp/htdocs/Dapin-CMS/vendor/laravel/framework/src/Illuminate/Foundation/Application.php(934): array_walk(Array, Object(Closure))
#19 /opt/lampp/htdocs/Dapin-CMS/vendor/laravel/framework/src/Illuminate/Foundation/Bootstrap/BootProviders.php(17): Illuminate\\Foundation\\Application->boot()
#20 /opt/lampp/htdocs/Dapin-CMS/vendor/laravel/framework/src/Illuminate/Foundation/Application.php(265): Illuminate\\Foundation\\Bootstrap\\BootProviders->bootstrap(Object(Illuminate\\Foundation\\Application))
#21 /opt/lampp/htdocs/Dapin-CMS/vendor/laravel/framework/src/Illuminate/Foundation/Console/Kernel.php(383): Illuminate\\Foundation\\Application->bootstrapWith(Array)
#22 /opt/lampp/htdocs/Dapin-CMS/vendor/laravel/framework/src/Illuminate/Foundation/Console/Kernel.php(153): Illuminate\\Foundation\\Console\\Kernel->bootstrap()
#23 /opt/lampp/htdocs/Dapin-CMS/artisan(35): Illuminate\\Foundation\\Console\\Kernel->handle(Object(Symfony\\Component\\Console\\Input\\ArgvInput), Object(Symfony\\Component\\Console\\Output\\ConsoleOutput))
#24 {main}

[previous exception] [object] (PDOException(code: 1049): SQLSTATE[HY000] [1049] Unknown database 'college' at /opt/lampp/htdocs/Dapin-CMS/vendor/laravel/framework/src/Illuminate/Database/Connectors/Connector.php:70)
[stacktrace]
#0 /opt/lampp/htdocs/Dapin-CMS/vendor/laravel/framework/src/Illuminate/Database/Connectors/Connector.php(70): PDO->__construct('mysql:host=127....', 'root', Object(SensitiveParameterValue), Array)
#1 /opt/lampp/htdocs/Dapin-CMS/vendor/laravel/framework/src/Illuminate/Database/Connectors/Connector.php(45): Illuminate\\Database\\Connectors\\Connector->createPdoConnection('mysql:host=127....', 'root', '', Array)
#2 /opt/lampp/htdocs/Dapin-CMS/vendor/laravel/framework/src/Illuminate/Database/Connectors/MySqlConnector.php(24): Illuminate\\Database\\Connectors\\Connector->createConnection('mysql:host=127....', Array, Array)
#3 /opt/lampp/htdocs/Dapin-CMS/vendor/laravel/framework/src/Illuminate/Database/Connectors/ConnectionFactory.php(184): Illuminate\\Database\\Connectors\\MySqlConnector->connect(Array)
#4 [internal function]: Illuminate\\Database\\Connectors\\ConnectionFactory->Illuminate\\Database\\Connectors\\{closure}()
#5 /opt/lampp/htdocs/Dapin-CMS/vendor/laravel/framework/src/Illuminate/Database/Connection.php(1181): call_user_func(Object(Closure))
#6 /opt/lampp/htdocs/Dapin-CMS/vendor/laravel/framework/src/Illuminate/Database/Connection.php(1217): Illuminate\\Database\\Connection->getPdo()
#7 /opt/lampp/htdocs/Dapin-CMS/vendor/laravel/framework/src/Illuminate/Database/Connection.php(486): Illuminate\\Database\\Connection->getReadPdo()
#8 /opt/lampp/htdocs/Dapin-CMS/vendor/laravel/framework/src/Illuminate/Database/Connection.php(414): Illuminate\\Database\\Connection->getPdoForSelect(true)
#9 /opt/lampp/htdocs/Dapin-CMS/vendor/laravel/framework/src/Illuminate/Database/Connection.php(753): Illuminate\\Database\\Connection->Illuminate\\Database\\{closure}('select * from `...', Array)
#10 /opt/lampp/htdocs/Dapin-CMS/vendor/laravel/framework/src/Illuminate/Database/Connection.php(720): Illuminate\\Database\\Connection->runQueryCallback('select * from `...', Array, Object(Closure))
#11 /opt/lampp/htdocs/Dapin-CMS/vendor/laravel/framework/src/Illuminate/Database/Connection.php(405): Illuminate\\Database\\Connection->run('select * from `...', Array, Object(Closure))
#12 /opt/lampp/htdocs/Dapin-CMS/vendor/laravel/framework/src/Illuminate/Database/Query/Builder.php(2705): Illuminate\\Database\\Connection->select('select * from `...', Array, true)
#13 /opt/lampp/htdocs/Dapin-CMS/vendor/laravel/framework/src/Illuminate/Database/Query/Builder.php(2694): Illuminate\\Database\\Query\\Builder->runSelect()
#14 /opt/lampp/htdocs/Dapin-CMS/vendor/laravel/framework/src/Illuminate/Database/Query/Builder.php(3230): Illuminate\\Database\\Query\\Builder->Illuminate\\Database\\Query\\{closure}()
#15 /opt/lampp/htdocs/Dapin-CMS/vendor/laravel/framework/src/Illuminate/Database/Query/Builder.php(2693): Illuminate\\Database\\Query\\Builder->onceWithColumns(Array, Object(Closure))
#16 /opt/lampp/htdocs/Dapin-CMS/vendor/laravel/framework/src/Illuminate/Database/Eloquent/Builder.php(710): Illuminate\\Database\\Query\\Builder->get(Array)
#17 /opt/lampp/htdocs/Dapin-CMS/vendor/laravel/framework/src/Illuminate/Database/Eloquent/Builder.php(694): Illuminate\\Database\\Eloquent\\Builder->getModels(Array)
#18 /opt/lampp/htdocs/Dapin-CMS/vendor/laravel/framework/src/Illuminate/Database/Concerns/BuildsQueries.php(296): Illuminate\\Database\\Eloquent\\Builder->get(Array)
#19 /opt/lampp/htdocs/Dapin-CMS/app/Providers/AppServiceProvider.php(41): Illuminate\\Database\\Eloquent\\Builder->first()
#20 /opt/lampp/htdocs/Dapin-CMS/vendor/laravel/framework/src/Illuminate/Container/BoundMethod.php(36): App\\Providers\\AppServiceProvider->boot()
#21 /opt/lampp/htdocs/Dapin-CMS/vendor/laravel/framework/src/Illuminate/Container/Util.php(41): Illuminate\\Container\\BoundMethod::Illuminate\\Container\\{closure}()
#22 /opt/lampp/htdocs/Dapin-CMS/vendor/laravel/framework/src/Illuminate/Container/BoundMethod.php(93): Illuminate\\Container\\Util::unwrapIfClosure(Object(Closure))
#23 /opt/lampp/htdocs/Dapin-CMS/vendor/laravel/framework/src/Illuminate/Container/BoundMethod.php(35): Illuminate\\Container\\BoundMethod::callBoundMethod(Object(Illuminate\\Foundation\\Application), Array, Object(Closure))
#24 /opt/lampp/htdocs/Dapin-CMS/vendor/laravel/framework/src/Illuminate/Container/Container.php(661): Illuminate\\Container\\BoundMethod::call(Object(Illuminate\\Foundation\\Application), Array, Array, NULL)
#25 /opt/lampp/htdocs/Dapin-CMS/vendor/laravel/framework/src/Illuminate/Foundation/Application.php(954): Illuminate\\Container\\Container->call(Array)
#26 /opt/lampp/htdocs/Dapin-CMS/vendor/laravel/framework/src/Illuminate/Foundation/Application.php(935): Illuminate\\Foundation\\Application->bootProvider(Object(App\\Providers\\AppServiceProvider))
#27 [internal function]: Illuminate\\Foundation\\Application->Illuminate\\Foundation\\{closure}(Object(App\\Providers\\AppServiceProvider), 39)
#28 /opt/lampp/htdocs/Dapin-CMS/vendor/laravel/framework/src/Illuminate/Foundation/Application.php(934): array_walk(Array, Object(Closure))
#29 /opt/lampp/htdocs/Dapin-CMS/vendor/laravel/framework/src/Illuminate/Foundation/Bootstrap/BootProviders.php(17): Illuminate\\Foundation\\Application->boot()
#30 /opt/lampp/htdocs/Dapin-CMS/vendor/laravel/framework/src/Illuminate/Foundation/Application.php(265): Illuminate\\Foundation\\Bootstrap\\BootProviders->bootstrap(Object(Illuminate\\Foundation\\Application))
#31 /opt/lampp/htdocs/Dapin-CMS/vendor/laravel/framework/src/Illuminate/Foundation/Console/Kernel.php(383): Illuminate\\Foundation\\Application->bootstrapWith(Array)
#32 /opt/lampp/htdocs/Dapin-CMS/vendor/laravel/framework/src/Illuminate/Foundation/Console/Kernel.php(153): Illuminate\\Foundation\\Console\\Kernel->bootstrap()
#33 /opt/lampp/htdocs/Dapin-CMS/artisan(35): Illuminate\\Foundation\\Console\\Kernel->handle(Object(Symfony\\Component\\Console\\Input\\ArgvInput), Object(Symfony\\Component\\Console\\Output\\ConsoleOutput))
#34 {main}
"} 
[2025-08-15 12:39:23] local.ERROR: SQLSTATE[HY000] [1049] Unknown database 'college' (SQL: select * from `languages` where `default` = 1 limit 1) {"exception":"[object] (Illuminate\\Database\\QueryException(code: 1049): SQLSTATE[HY000] [1049] Unknown database 'college' (SQL: select * from `languages` where `default` = 1 limit 1) at /opt/lampp/htdocs/Dapin-CMS/vendor/laravel/framework/src/Illuminate/Database/Connection.php:760)
[stacktrace]
#0 /opt/lampp/htdocs/Dapin-CMS/vendor/laravel/framework/src/Illuminate/Database/Connection.php(720): Illuminate\\Database\\Connection->runQueryCallback('select * from `...', Array, Object(Closure))
#1 /opt/lampp/htdocs/Dapin-CMS/vendor/laravel/framework/src/Illuminate/Database/Connection.php(405): Illuminate\\Database\\Connection->run('select * from `...', Array, Object(Closure))
#2 /opt/lampp/htdocs/Dapin-CMS/vendor/laravel/framework/src/Illuminate/Database/Query/Builder.php(2705): Illuminate\\Database\\Connection->select('select * from `...', Array, true)
#3 /opt/lampp/htdocs/Dapin-CMS/vendor/laravel/framework/src/Illuminate/Database/Query/Builder.php(2694): Illuminate\\Database\\Query\\Builder->runSelect()
#4 /opt/lampp/htdocs/Dapin-CMS/vendor/laravel/framework/src/Illuminate/Database/Query/Builder.php(3230): Illuminate\\Database\\Query\\Builder->Illuminate\\Database\\Query\\{closure}()
#5 /opt/lampp/htdocs/Dapin-CMS/vendor/laravel/framework/src/Illuminate/Database/Query/Builder.php(2693): Illuminate\\Database\\Query\\Builder->onceWithColumns(Array, Object(Closure))
#6 /opt/lampp/htdocs/Dapin-CMS/vendor/laravel/framework/src/Illuminate/Database/Eloquent/Builder.php(710): Illuminate\\Database\\Query\\Builder->get(Array)
#7 /opt/lampp/htdocs/Dapin-CMS/vendor/laravel/framework/src/Illuminate/Database/Eloquent/Builder.php(694): Illuminate\\Database\\Eloquent\\Builder->getModels(Array)
#8 /opt/lampp/htdocs/Dapin-CMS/vendor/laravel/framework/src/Illuminate/Database/Concerns/BuildsQueries.php(296): Illuminate\\Database\\Eloquent\\Builder->get(Array)
#9 /opt/lampp/htdocs/Dapin-CMS/app/Models/Language.php(27): Illuminate\\Database\\Eloquent\\Builder->first()
#10 /opt/lampp/htdocs/Dapin-CMS/app/Providers/AppServiceProvider.php(46): App\\Models\\Language::version()
#11 /opt/lampp/htdocs/Dapin-CMS/vendor/laravel/framework/src/Illuminate/Container/BoundMethod.php(36): App\\Providers\\AppServiceProvider->boot()
#12 /opt/lampp/htdocs/Dapin-CMS/vendor/laravel/framework/src/Illuminate/Container/Util.php(41): Illuminate\\Container\\BoundMethod::Illuminate\\Container\\{closure}()
#13 /opt/lampp/htdocs/Dapin-CMS/vendor/laravel/framework/src/Illuminate/Container/BoundMethod.php(93): Illuminate\\Container\\Util::unwrapIfClosure(Object(Closure))
#14 /opt/lampp/htdocs/Dapin-CMS/vendor/laravel/framework/src/Illuminate/Container/BoundMethod.php(35): Illuminate\\Container\\BoundMethod::callBoundMethod(Object(Illuminate\\Foundation\\Application), Array, Object(Closure))
#15 /opt/lampp/htdocs/Dapin-CMS/vendor/laravel/framework/src/Illuminate/Container/Container.php(661): Illuminate\\Container\\BoundMethod::call(Object(Illuminate\\Foundation\\Application), Array, Array, NULL)
#16 /opt/lampp/htdocs/Dapin-CMS/vendor/laravel/framework/src/Illuminate/Foundation/Application.php(954): Illuminate\\Container\\Container->call(Array)
#17 /opt/lampp/htdocs/Dapin-CMS/vendor/laravel/framework/src/Illuminate/Foundation/Application.php(935): Illuminate\\Foundation\\Application->bootProvider(Object(App\\Providers\\AppServiceProvider))
#18 [internal function]: Illuminate\\Foundation\\Application->Illuminate\\Foundation\\{closure}(Object(App\\Providers\\AppServiceProvider), 39)
#19 /opt/lampp/htdocs/Dapin-CMS/vendor/laravel/framework/src/Illuminate/Foundation/Application.php(934): array_walk(Array, Object(Closure))
#20 /opt/lampp/htdocs/Dapin-CMS/vendor/laravel/framework/src/Illuminate/Foundation/Bootstrap/BootProviders.php(17): Illuminate\\Foundation\\Application->boot()
#21 /opt/lampp/htdocs/Dapin-CMS/vendor/laravel/framework/src/Illuminate/Foundation/Application.php(265): Illuminate\\Foundation\\Bootstrap\\BootProviders->bootstrap(Object(Illuminate\\Foundation\\Application))
#22 /opt/lampp/htdocs/Dapin-CMS/vendor/laravel/framework/src/Illuminate/Foundation/Console/Kernel.php(383): Illuminate\\Foundation\\Application->bootstrapWith(Array)
#23 /opt/lampp/htdocs/Dapin-CMS/vendor/laravel/framework/src/Illuminate/Foundation/Console/Kernel.php(153): Illuminate\\Foundation\\Console\\Kernel->bootstrap()
#24 /opt/lampp/htdocs/Dapin-CMS/artisan(35): Illuminate\\Foundation\\Console\\Kernel->handle(Object(Symfony\\Component\\Console\\Input\\ArgvInput), Object(Symfony\\Component\\Console\\Output\\ConsoleOutput))
#25 {main}

[previous exception] [object] (PDOException(code: 1049): SQLSTATE[HY000] [1049] Unknown database 'college' at /opt/lampp/htdocs/Dapin-CMS/vendor/laravel/framework/src/Illuminate/Database/Connectors/Connector.php:70)
[stacktrace]
#0 /opt/lampp/htdocs/Dapin-CMS/vendor/laravel/framework/src/Illuminate/Database/Connectors/Connector.php(70): PDO->__construct('mysql:host=127....', 'root', Object(SensitiveParameterValue), Array)
#1 /opt/lampp/htdocs/Dapin-CMS/vendor/laravel/framework/src/Illuminate/Database/Connectors/Connector.php(45): Illuminate\\Database\\Connectors\\Connector->createPdoConnection('mysql:host=127....', 'root', '', Array)
#2 /opt/lampp/htdocs/Dapin-CMS/vendor/laravel/framework/src/Illuminate/Database/Connectors/MySqlConnector.php(24): Illuminate\\Database\\Connectors\\Connector->createConnection('mysql:host=127....', Array, Array)
#3 /opt/lampp/htdocs/Dapin-CMS/vendor/laravel/framework/src/Illuminate/Database/Connectors/ConnectionFactory.php(184): Illuminate\\Database\\Connectors\\MySqlConnector->connect(Array)
#4 [internal function]: Illuminate\\Database\\Connectors\\ConnectionFactory->Illuminate\\Database\\Connectors\\{closure}()
#5 /opt/lampp/htdocs/Dapin-CMS/vendor/laravel/framework/src/Illuminate/Database/Connection.php(1181): call_user_func(Object(Closure))
#6 /opt/lampp/htdocs/Dapin-CMS/vendor/laravel/framework/src/Illuminate/Database/Connection.php(1217): Illuminate\\Database\\Connection->getPdo()
#7 /opt/lampp/htdocs/Dapin-CMS/vendor/laravel/framework/src/Illuminate/Database/Connection.php(486): Illuminate\\Database\\Connection->getReadPdo()
#8 /opt/lampp/htdocs/Dapin-CMS/vendor/laravel/framework/src/Illuminate/Database/Connection.php(414): Illuminate\\Database\\Connection->getPdoForSelect(true)
#9 /opt/lampp/htdocs/Dapin-CMS/vendor/laravel/framework/src/Illuminate/Database/Connection.php(753): Illuminate\\Database\\Connection->Illuminate\\Database\\{closure}('select * from `...', Array)
#10 /opt/lampp/htdocs/Dapin-CMS/vendor/laravel/framework/src/Illuminate/Database/Connection.php(720): Illuminate\\Database\\Connection->runQueryCallback('select * from `...', Array, Object(Closure))
#11 /opt/lampp/htdocs/Dapin-CMS/vendor/laravel/framework/src/Illuminate/Database/Connection.php(405): Illuminate\\Database\\Connection->run('select * from `...', Array, Object(Closure))
#12 /opt/lampp/htdocs/Dapin-CMS/vendor/laravel/framework/src/Illuminate/Database/Query/Builder.php(2705): Illuminate\\Database\\Connection->select('select * from `...', Array, true)
#13 /opt/lampp/htdocs/Dapin-CMS/vendor/laravel/framework/src/Illuminate/Database/Query/Builder.php(2694): Illuminate\\Database\\Query\\Builder->runSelect()
#14 /opt/lampp/htdocs/Dapin-CMS/vendor/laravel/framework/src/Illuminate/Database/Query/Builder.php(3230): Illuminate\\Database\\Query\\Builder->Illuminate\\Database\\Query\\{closure}()
#15 /opt/lampp/htdocs/Dapin-CMS/vendor/laravel/framework/src/Illuminate/Database/Query/Builder.php(2693): Illuminate\\Database\\Query\\Builder->onceWithColumns(Array, Object(Closure))
#16 /opt/lampp/htdocs/Dapin-CMS/vendor/laravel/framework/src/Illuminate/Database/Eloquent/Builder.php(710): Illuminate\\Database\\Query\\Builder->get(Array)
#17 /opt/lampp/htdocs/Dapin-CMS/vendor/laravel/framework/src/Illuminate/Database/Eloquent/Builder.php(694): Illuminate\\Database\\Eloquent\\Builder->getModels(Array)
#18 /opt/lampp/htdocs/Dapin-CMS/vendor/laravel/framework/src/Illuminate/Database/Concerns/BuildsQueries.php(296): Illuminate\\Database\\Eloquent\\Builder->get(Array)
#19 /opt/lampp/htdocs/Dapin-CMS/app/Models/Language.php(27): Illuminate\\Database\\Eloquent\\Builder->first()
#20 /opt/lampp/htdocs/Dapin-CMS/app/Providers/AppServiceProvider.php(46): App\\Models\\Language::version()
#21 /opt/lampp/htdocs/Dapin-CMS/vendor/laravel/framework/src/Illuminate/Container/BoundMethod.php(36): App\\Providers\\AppServiceProvider->boot()
#22 /opt/lampp/htdocs/Dapin-CMS/vendor/laravel/framework/src/Illuminate/Container/Util.php(41): Illuminate\\Container\\BoundMethod::Illuminate\\Container\\{closure}()
#23 /opt/lampp/htdocs/Dapin-CMS/vendor/laravel/framework/src/Illuminate/Container/BoundMethod.php(93): Illuminate\\Container\\Util::unwrapIfClosure(Object(Closure))
#24 /opt/lampp/htdocs/Dapin-CMS/vendor/laravel/framework/src/Illuminate/Container/BoundMethod.php(35): Illuminate\\Container\\BoundMethod::callBoundMethod(Object(Illuminate\\Foundation\\Application), Array, Object(Closure))
#25 /opt/lampp/htdocs/Dapin-CMS/vendor/laravel/framework/src/Illuminate/Container/Container.php(661): Illuminate\\Container\\BoundMethod::call(Object(Illuminate\\Foundation\\Application), Array, Array, NULL)
#26 /opt/lampp/htdocs/Dapin-CMS/vendor/laravel/framework/src/Illuminate/Foundation/Application.php(954): Illuminate\\Container\\Container->call(Array)
#27 /opt/lampp/htdocs/Dapin-CMS/vendor/laravel/framework/src/Illuminate/Foundation/Application.php(935): Illuminate\\Foundation\\Application->bootProvider(Object(App\\Providers\\AppServiceProvider))
#28 [internal function]: Illuminate\\Foundation\\Application->Illuminate\\Foundation\\{closure}(Object(App\\Providers\\AppServiceProvider), 39)
#29 /opt/lampp/htdocs/Dapin-CMS/vendor/laravel/framework/src/Illuminate/Foundation/Application.php(934): array_walk(Array, Object(Closure))
#30 /opt/lampp/htdocs/Dapin-CMS/vendor/laravel/framework/src/Illuminate/Foundation/Bootstrap/BootProviders.php(17): Illuminate\\Foundation\\Application->boot()
#31 /opt/lampp/htdocs/Dapin-CMS/vendor/laravel/framework/src/Illuminate/Foundation/Application.php(265): Illuminate\\Foundation\\Bootstrap\\BootProviders->bootstrap(Object(Illuminate\\Foundation\\Application))
#32 /opt/lampp/htdocs/Dapin-CMS/vendor/laravel/framework/src/Illuminate/Foundation/Console/Kernel.php(383): Illuminate\\Foundation\\Application->bootstrapWith(Array)
#33 /opt/lampp/htdocs/Dapin-CMS/vendor/laravel/framework/src/Illuminate/Foundation/Console/Kernel.php(153): Illuminate\\Foundation\\Console\\Kernel->bootstrap()
#34 /opt/lampp/htdocs/Dapin-CMS/artisan(35): Illuminate\\Foundation\\Console\\Kernel->handle(Object(Symfony\\Component\\Console\\Input\\ArgvInput), Object(Symfony\\Component\\Console\\Output\\ConsoleOutput))
#35 {main}
"} 
[2025-08-15 12:40:00] local.ERROR: SQLSTATE[HY000] [1049] Unknown database 'college' (SQL: select * from `schedule_settings` where `slug` = fees-schedule limit 1) {"exception":"[object] (Illuminate\\Database\\QueryException(code: 1049): SQLSTATE[HY000] [1049] Unknown database 'college' (SQL: select * from `schedule_settings` where `slug` = fees-schedule limit 1) at /opt/lampp/htdocs/Dapin-CMS/vendor/laravel/framework/src/Illuminate/Database/Connection.php:760)
[stacktrace]
#0 /opt/lampp/htdocs/Dapin-CMS/vendor/laravel/framework/src/Illuminate/Database/Connection.php(720): Illuminate\\Database\\Connection->runQueryCallback('select * from `...', Array, Object(Closure))
#1 /opt/lampp/htdocs/Dapin-CMS/vendor/laravel/framework/src/Illuminate/Database/Connection.php(405): Illuminate\\Database\\Connection->run('select * from `...', Array, Object(Closure))
#2 /opt/lampp/htdocs/Dapin-CMS/vendor/laravel/framework/src/Illuminate/Database/Query/Builder.php(2705): Illuminate\\Database\\Connection->select('select * from `...', Array, true)
#3 /opt/lampp/htdocs/Dapin-CMS/vendor/laravel/framework/src/Illuminate/Database/Query/Builder.php(2694): Illuminate\\Database\\Query\\Builder->runSelect()
#4 /opt/lampp/htdocs/Dapin-CMS/vendor/laravel/framework/src/Illuminate/Database/Query/Builder.php(3230): Illuminate\\Database\\Query\\Builder->Illuminate\\Database\\Query\\{closure}()
#5 /opt/lampp/htdocs/Dapin-CMS/vendor/laravel/framework/src/Illuminate/Database/Query/Builder.php(2693): Illuminate\\Database\\Query\\Builder->onceWithColumns(Array, Object(Closure))
#6 /opt/lampp/htdocs/Dapin-CMS/vendor/laravel/framework/src/Illuminate/Database/Eloquent/Builder.php(710): Illuminate\\Database\\Query\\Builder->get(Array)
#7 /opt/lampp/htdocs/Dapin-CMS/vendor/laravel/framework/src/Illuminate/Database/Eloquent/Builder.php(694): Illuminate\\Database\\Eloquent\\Builder->getModels(Array)
#8 /opt/lampp/htdocs/Dapin-CMS/vendor/laravel/framework/src/Illuminate/Database/Concerns/BuildsQueries.php(296): Illuminate\\Database\\Eloquent\\Builder->get(Array)
#9 /opt/lampp/htdocs/Dapin-CMS/app/Providers/AppServiceProvider.php(43): Illuminate\\Database\\Eloquent\\Builder->first()
#10 /opt/lampp/htdocs/Dapin-CMS/vendor/laravel/framework/src/Illuminate/Container/BoundMethod.php(36): App\\Providers\\AppServiceProvider->boot()
#11 /opt/lampp/htdocs/Dapin-CMS/vendor/laravel/framework/src/Illuminate/Container/Util.php(41): Illuminate\\Container\\BoundMethod::Illuminate\\Container\\{closure}()
#12 /opt/lampp/htdocs/Dapin-CMS/vendor/laravel/framework/src/Illuminate/Container/BoundMethod.php(93): Illuminate\\Container\\Util::unwrapIfClosure(Object(Closure))
#13 /opt/lampp/htdocs/Dapin-CMS/vendor/laravel/framework/src/Illuminate/Container/BoundMethod.php(35): Illuminate\\Container\\BoundMethod::callBoundMethod(Object(Illuminate\\Foundation\\Application), Array, Object(Closure))
#14 /opt/lampp/htdocs/Dapin-CMS/vendor/laravel/framework/src/Illuminate/Container/Container.php(661): Illuminate\\Container\\BoundMethod::call(Object(Illuminate\\Foundation\\Application), Array, Array, NULL)
#15 /opt/lampp/htdocs/Dapin-CMS/vendor/laravel/framework/src/Illuminate/Foundation/Application.php(954): Illuminate\\Container\\Container->call(Array)
#16 /opt/lampp/htdocs/Dapin-CMS/vendor/laravel/framework/src/Illuminate/Foundation/Application.php(935): Illuminate\\Foundation\\Application->bootProvider(Object(App\\Providers\\AppServiceProvider))
#17 [internal function]: Illuminate\\Foundation\\Application->Illuminate\\Foundation\\{closure}(Object(App\\Providers\\AppServiceProvider), 39)
#18 /opt/lampp/htdocs/Dapin-CMS/vendor/laravel/framework/src/Illuminate/Foundation/Application.php(934): array_walk(Array, Object(Closure))
#19 /opt/lampp/htdocs/Dapin-CMS/vendor/laravel/framework/src/Illuminate/Foundation/Bootstrap/BootProviders.php(17): Illuminate\\Foundation\\Application->boot()
#20 /opt/lampp/htdocs/Dapin-CMS/vendor/laravel/framework/src/Illuminate/Foundation/Application.php(265): Illuminate\\Foundation\\Bootstrap\\BootProviders->bootstrap(Object(Illuminate\\Foundation\\Application))
#21 /opt/lampp/htdocs/Dapin-CMS/vendor/laravel/framework/src/Illuminate/Foundation/Console/Kernel.php(383): Illuminate\\Foundation\\Application->bootstrapWith(Array)
#22 /opt/lampp/htdocs/Dapin-CMS/vendor/laravel/framework/src/Illuminate/Foundation/Console/Kernel.php(153): Illuminate\\Foundation\\Console\\Kernel->bootstrap()
#23 /opt/lampp/htdocs/Dapin-CMS/artisan(35): Illuminate\\Foundation\\Console\\Kernel->handle(Object(Symfony\\Component\\Console\\Input\\ArgvInput), Object(Symfony\\Component\\Console\\Output\\ConsoleOutput))
#24 {main}

[previous exception] [object] (PDOException(code: 1049): SQLSTATE[HY000] [1049] Unknown database 'college' at /opt/lampp/htdocs/Dapin-CMS/vendor/laravel/framework/src/Illuminate/Database/Connectors/Connector.php:70)
[stacktrace]
#0 /opt/lampp/htdocs/Dapin-CMS/vendor/laravel/framework/src/Illuminate/Database/Connectors/Connector.php(70): PDO->__construct('mysql:host=127....', 'root', Object(SensitiveParameterValue), Array)
#1 /opt/lampp/htdocs/Dapin-CMS/vendor/laravel/framework/src/Illuminate/Database/Connectors/Connector.php(45): Illuminate\\Database\\Connectors\\Connector->createPdoConnection('mysql:host=127....', 'root', '', Array)
#2 /opt/lampp/htdocs/Dapin-CMS/vendor/laravel/framework/src/Illuminate/Database/Connectors/MySqlConnector.php(24): Illuminate\\Database\\Connectors\\Connector->createConnection('mysql:host=127....', Array, Array)
#3 /opt/lampp/htdocs/Dapin-CMS/vendor/laravel/framework/src/Illuminate/Database/Connectors/ConnectionFactory.php(184): Illuminate\\Database\\Connectors\\MySqlConnector->connect(Array)
#4 [internal function]: Illuminate\\Database\\Connectors\\ConnectionFactory->Illuminate\\Database\\Connectors\\{closure}()
#5 /opt/lampp/htdocs/Dapin-CMS/vendor/laravel/framework/src/Illuminate/Database/Connection.php(1181): call_user_func(Object(Closure))
#6 /opt/lampp/htdocs/Dapin-CMS/vendor/laravel/framework/src/Illuminate/Database/Connection.php(1217): Illuminate\\Database\\Connection->getPdo()
#7 /opt/lampp/htdocs/Dapin-CMS/vendor/laravel/framework/src/Illuminate/Database/Connection.php(486): Illuminate\\Database\\Connection->getReadPdo()
#8 /opt/lampp/htdocs/Dapin-CMS/vendor/laravel/framework/src/Illuminate/Database/Connection.php(414): Illuminate\\Database\\Connection->getPdoForSelect(true)
#9 /opt/lampp/htdocs/Dapin-CMS/vendor/laravel/framework/src/Illuminate/Database/Connection.php(753): Illuminate\\Database\\Connection->Illuminate\\Database\\{closure}('select * from `...', Array)
#10 /opt/lampp/htdocs/Dapin-CMS/vendor/laravel/framework/src/Illuminate/Database/Connection.php(720): Illuminate\\Database\\Connection->runQueryCallback('select * from `...', Array, Object(Closure))
#11 /opt/lampp/htdocs/Dapin-CMS/vendor/laravel/framework/src/Illuminate/Database/Connection.php(405): Illuminate\\Database\\Connection->run('select * from `...', Array, Object(Closure))
#12 /opt/lampp/htdocs/Dapin-CMS/vendor/laravel/framework/src/Illuminate/Database/Query/Builder.php(2705): Illuminate\\Database\\Connection->select('select * from `...', Array, true)
#13 /opt/lampp/htdocs/Dapin-CMS/vendor/laravel/framework/src/Illuminate/Database/Query/Builder.php(2694): Illuminate\\Database\\Query\\Builder->runSelect()
#14 /opt/lampp/htdocs/Dapin-CMS/vendor/laravel/framework/src/Illuminate/Database/Query/Builder.php(3230): Illuminate\\Database\\Query\\Builder->Illuminate\\Database\\Query\\{closure}()
#15 /opt/lampp/htdocs/Dapin-CMS/vendor/laravel/framework/src/Illuminate/Database/Query/Builder.php(2693): Illuminate\\Database\\Query\\Builder->onceWithColumns(Array, Object(Closure))
#16 /opt/lampp/htdocs/Dapin-CMS/vendor/laravel/framework/src/Illuminate/Database/Eloquent/Builder.php(710): Illuminate\\Database\\Query\\Builder->get(Array)
#17 /opt/lampp/htdocs/Dapin-CMS/vendor/laravel/framework/src/Illuminate/Database/Eloquent/Builder.php(694): Illuminate\\Database\\Eloquent\\Builder->getModels(Array)
#18 /opt/lampp/htdocs/Dapin-CMS/vendor/laravel/framework/src/Illuminate/Database/Concerns/BuildsQueries.php(296): Illuminate\\Database\\Eloquent\\Builder->get(Array)
#19 /opt/lampp/htdocs/Dapin-CMS/app/Providers/AppServiceProvider.php(43): Illuminate\\Database\\Eloquent\\Builder->first()
#20 /opt/lampp/htdocs/Dapin-CMS/vendor/laravel/framework/src/Illuminate/Container/BoundMethod.php(36): App\\Providers\\AppServiceProvider->boot()
#21 /opt/lampp/htdocs/Dapin-CMS/vendor/laravel/framework/src/Illuminate/Container/Util.php(41): Illuminate\\Container\\BoundMethod::Illuminate\\Container\\{closure}()
#22 /opt/lampp/htdocs/Dapin-CMS/vendor/laravel/framework/src/Illuminate/Container/BoundMethod.php(93): Illuminate\\Container\\Util::unwrapIfClosure(Object(Closure))
#23 /opt/lampp/htdocs/Dapin-CMS/vendor/laravel/framework/src/Illuminate/Container/BoundMethod.php(35): Illuminate\\Container\\BoundMethod::callBoundMethod(Object(Illuminate\\Foundation\\Application), Array, Object(Closure))
#24 /opt/lampp/htdocs/Dapin-CMS/vendor/laravel/framework/src/Illuminate/Container/Container.php(661): Illuminate\\Container\\BoundMethod::call(Object(Illuminate\\Foundation\\Application), Array, Array, NULL)
#25 /opt/lampp/htdocs/Dapin-CMS/vendor/laravel/framework/src/Illuminate/Foundation/Application.php(954): Illuminate\\Container\\Container->call(Array)
#26 /opt/lampp/htdocs/Dapin-CMS/vendor/laravel/framework/src/Illuminate/Foundation/Application.php(935): Illuminate\\Foundation\\Application->bootProvider(Object(App\\Providers\\AppServiceProvider))
#27 [internal function]: Illuminate\\Foundation\\Application->Illuminate\\Foundation\\{closure}(Object(App\\Providers\\AppServiceProvider), 39)
#28 /opt/lampp/htdocs/Dapin-CMS/vendor/laravel/framework/src/Illuminate/Foundation/Application.php(934): array_walk(Array, Object(Closure))
#29 /opt/lampp/htdocs/Dapin-CMS/vendor/laravel/framework/src/Illuminate/Foundation/Bootstrap/BootProviders.php(17): Illuminate\\Foundation\\Application->boot()
#30 /opt/lampp/htdocs/Dapin-CMS/vendor/laravel/framework/src/Illuminate/Foundation/Application.php(265): Illuminate\\Foundation\\Bootstrap\\BootProviders->bootstrap(Object(Illuminate\\Foundation\\Application))
#31 /opt/lampp/htdocs/Dapin-CMS/vendor/laravel/framework/src/Illuminate/Foundation/Console/Kernel.php(383): Illuminate\\Foundation\\Application->bootstrapWith(Array)
#32 /opt/lampp/htdocs/Dapin-CMS/vendor/laravel/framework/src/Illuminate/Foundation/Console/Kernel.php(153): Illuminate\\Foundation\\Console\\Kernel->bootstrap()
#33 /opt/lampp/htdocs/Dapin-CMS/artisan(35): Illuminate\\Foundation\\Console\\Kernel->handle(Object(Symfony\\Component\\Console\\Input\\ArgvInput), Object(Symfony\\Component\\Console\\Output\\ConsoleOutput))
#34 {main}
"} 
[2025-08-15 12:40:09] local.ERROR: SQLSTATE[HY000] [1049] Unknown database 'college' (SQL: select * from `schedule_settings` where `slug` = fees-schedule limit 1) {"exception":"[object] (Illuminate\\Database\\QueryException(code: 1049): SQLSTATE[HY000] [1049] Unknown database 'college' (SQL: select * from `schedule_settings` where `slug` = fees-schedule limit 1) at /opt/lampp/htdocs/Dapin-CMS/vendor/laravel/framework/src/Illuminate/Database/Connection.php:760)
[stacktrace]
#0 /opt/lampp/htdocs/Dapin-CMS/vendor/laravel/framework/src/Illuminate/Database/Connection.php(720): Illuminate\\Database\\Connection->runQueryCallback('select * from `...', Array, Object(Closure))
#1 /opt/lampp/htdocs/Dapin-CMS/vendor/laravel/framework/src/Illuminate/Database/Connection.php(405): Illuminate\\Database\\Connection->run('select * from `...', Array, Object(Closure))
#2 /opt/lampp/htdocs/Dapin-CMS/vendor/laravel/framework/src/Illuminate/Database/Query/Builder.php(2705): Illuminate\\Database\\Connection->select('select * from `...', Array, true)
#3 /opt/lampp/htdocs/Dapin-CMS/vendor/laravel/framework/src/Illuminate/Database/Query/Builder.php(2694): Illuminate\\Database\\Query\\Builder->runSelect()
#4 /opt/lampp/htdocs/Dapin-CMS/vendor/laravel/framework/src/Illuminate/Database/Query/Builder.php(3230): Illuminate\\Database\\Query\\Builder->Illuminate\\Database\\Query\\{closure}()
#5 /opt/lampp/htdocs/Dapin-CMS/vendor/laravel/framework/src/Illuminate/Database/Query/Builder.php(2693): Illuminate\\Database\\Query\\Builder->onceWithColumns(Array, Object(Closure))
#6 /opt/lampp/htdocs/Dapin-CMS/vendor/laravel/framework/src/Illuminate/Database/Eloquent/Builder.php(710): Illuminate\\Database\\Query\\Builder->get(Array)
#7 /opt/lampp/htdocs/Dapin-CMS/vendor/laravel/framework/src/Illuminate/Database/Eloquent/Builder.php(694): Illuminate\\Database\\Eloquent\\Builder->getModels(Array)
#8 /opt/lampp/htdocs/Dapin-CMS/vendor/laravel/framework/src/Illuminate/Database/Concerns/BuildsQueries.php(296): Illuminate\\Database\\Eloquent\\Builder->get(Array)
#9 /opt/lampp/htdocs/Dapin-CMS/app/Providers/AppServiceProvider.php(43): Illuminate\\Database\\Eloquent\\Builder->first()
#10 /opt/lampp/htdocs/Dapin-CMS/vendor/laravel/framework/src/Illuminate/Container/BoundMethod.php(36): App\\Providers\\AppServiceProvider->boot()
#11 /opt/lampp/htdocs/Dapin-CMS/vendor/laravel/framework/src/Illuminate/Container/Util.php(41): Illuminate\\Container\\BoundMethod::Illuminate\\Container\\{closure}()
#12 /opt/lampp/htdocs/Dapin-CMS/vendor/laravel/framework/src/Illuminate/Container/BoundMethod.php(93): Illuminate\\Container\\Util::unwrapIfClosure(Object(Closure))
#13 /opt/lampp/htdocs/Dapin-CMS/vendor/laravel/framework/src/Illuminate/Container/BoundMethod.php(35): Illuminate\\Container\\BoundMethod::callBoundMethod(Object(Illuminate\\Foundation\\Application), Array, Object(Closure))
#14 /opt/lampp/htdocs/Dapin-CMS/vendor/laravel/framework/src/Illuminate/Container/Container.php(661): Illuminate\\Container\\BoundMethod::call(Object(Illuminate\\Foundation\\Application), Array, Array, NULL)
#15 /opt/lampp/htdocs/Dapin-CMS/vendor/laravel/framework/src/Illuminate/Foundation/Application.php(954): Illuminate\\Container\\Container->call(Array)
#16 /opt/lampp/htdocs/Dapin-CMS/vendor/laravel/framework/src/Illuminate/Foundation/Application.php(935): Illuminate\\Foundation\\Application->bootProvider(Object(App\\Providers\\AppServiceProvider))
#17 [internal function]: Illuminate\\Foundation\\Application->Illuminate\\Foundation\\{closure}(Object(App\\Providers\\AppServiceProvider), 39)
#18 /opt/lampp/htdocs/Dapin-CMS/vendor/laravel/framework/src/Illuminate/Foundation/Application.php(934): array_walk(Array, Object(Closure))
#19 /opt/lampp/htdocs/Dapin-CMS/vendor/laravel/framework/src/Illuminate/Foundation/Bootstrap/BootProviders.php(17): Illuminate\\Foundation\\Application->boot()
#20 /opt/lampp/htdocs/Dapin-CMS/vendor/laravel/framework/src/Illuminate/Foundation/Application.php(265): Illuminate\\Foundation\\Bootstrap\\BootProviders->bootstrap(Object(Illuminate\\Foundation\\Application))
#21 /opt/lampp/htdocs/Dapin-CMS/vendor/laravel/framework/src/Illuminate/Foundation/Console/Kernel.php(383): Illuminate\\Foundation\\Application->bootstrapWith(Array)
#22 /opt/lampp/htdocs/Dapin-CMS/vendor/laravel/framework/src/Illuminate/Foundation/Console/Kernel.php(153): Illuminate\\Foundation\\Console\\Kernel->bootstrap()
#23 /opt/lampp/htdocs/Dapin-CMS/artisan(35): Illuminate\\Foundation\\Console\\Kernel->handle(Object(Symfony\\Component\\Console\\Input\\ArgvInput), Object(Symfony\\Component\\Console\\Output\\ConsoleOutput))
#24 {main}

[previous exception] [object] (PDOException(code: 1049): SQLSTATE[HY000] [1049] Unknown database 'college' at /opt/lampp/htdocs/Dapin-CMS/vendor/laravel/framework/src/Illuminate/Database/Connectors/Connector.php:70)
[stacktrace]
#0 /opt/lampp/htdocs/Dapin-CMS/vendor/laravel/framework/src/Illuminate/Database/Connectors/Connector.php(70): PDO->__construct('mysql:host=127....', 'root', Object(SensitiveParameterValue), Array)
#1 /opt/lampp/htdocs/Dapin-CMS/vendor/laravel/framework/src/Illuminate/Database/Connectors/Connector.php(45): Illuminate\\Database\\Connectors\\Connector->createPdoConnection('mysql:host=127....', 'root', '', Array)
#2 /opt/lampp/htdocs/Dapin-CMS/vendor/laravel/framework/src/Illuminate/Database/Connectors/MySqlConnector.php(24): Illuminate\\Database\\Connectors\\Connector->createConnection('mysql:host=127....', Array, Array)
#3 /opt/lampp/htdocs/Dapin-CMS/vendor/laravel/framework/src/Illuminate/Database/Connectors/ConnectionFactory.php(184): Illuminate\\Database\\Connectors\\MySqlConnector->connect(Array)
#4 [internal function]: Illuminate\\Database\\Connectors\\ConnectionFactory->Illuminate\\Database\\Connectors\\{closure}()
#5 /opt/lampp/htdocs/Dapin-CMS/vendor/laravel/framework/src/Illuminate/Database/Connection.php(1181): call_user_func(Object(Closure))
#6 /opt/lampp/htdocs/Dapin-CMS/vendor/laravel/framework/src/Illuminate/Database/Connection.php(1217): Illuminate\\Database\\Connection->getPdo()
#7 /opt/lampp/htdocs/Dapin-CMS/vendor/laravel/framework/src/Illuminate/Database/Connection.php(486): Illuminate\\Database\\Connection->getReadPdo()
#8 /opt/lampp/htdocs/Dapin-CMS/vendor/laravel/framework/src/Illuminate/Database/Connection.php(414): Illuminate\\Database\\Connection->getPdoForSelect(true)
#9 /opt/lampp/htdocs/Dapin-CMS/vendor/laravel/framework/src/Illuminate/Database/Connection.php(753): Illuminate\\Database\\Connection->Illuminate\\Database\\{closure}('select * from `...', Array)
#10 /opt/lampp/htdocs/Dapin-CMS/vendor/laravel/framework/src/Illuminate/Database/Connection.php(720): Illuminate\\Database\\Connection->runQueryCallback('select * from `...', Array, Object(Closure))
#11 /opt/lampp/htdocs/Dapin-CMS/vendor/laravel/framework/src/Illuminate/Database/Connection.php(405): Illuminate\\Database\\Connection->run('select * from `...', Array, Object(Closure))
#12 /opt/lampp/htdocs/Dapin-CMS/vendor/laravel/framework/src/Illuminate/Database/Query/Builder.php(2705): Illuminate\\Database\\Connection->select('select * from `...', Array, true)
#13 /opt/lampp/htdocs/Dapin-CMS/vendor/laravel/framework/src/Illuminate/Database/Query/Builder.php(2694): Illuminate\\Database\\Query\\Builder->runSelect()
#14 /opt/lampp/htdocs/Dapin-CMS/vendor/laravel/framework/src/Illuminate/Database/Query/Builder.php(3230): Illuminate\\Database\\Query\\Builder->Illuminate\\Database\\Query\\{closure}()
#15 /opt/lampp/htdocs/Dapin-CMS/vendor/laravel/framework/src/Illuminate/Database/Query/Builder.php(2693): Illuminate\\Database\\Query\\Builder->onceWithColumns(Array, Object(Closure))
#16 /opt/lampp/htdocs/Dapin-CMS/vendor/laravel/framework/src/Illuminate/Database/Eloquent/Builder.php(710): Illuminate\\Database\\Query\\Builder->get(Array)
#17 /opt/lampp/htdocs/Dapin-CMS/vendor/laravel/framework/src/Illuminate/Database/Eloquent/Builder.php(694): Illuminate\\Database\\Eloquent\\Builder->getModels(Array)
#18 /opt/lampp/htdocs/Dapin-CMS/vendor/laravel/framework/src/Illuminate/Database/Concerns/BuildsQueries.php(296): Illuminate\\Database\\Eloquent\\Builder->get(Array)
#19 /opt/lampp/htdocs/Dapin-CMS/app/Providers/AppServiceProvider.php(43): Illuminate\\Database\\Eloquent\\Builder->first()
#20 /opt/lampp/htdocs/Dapin-CMS/vendor/laravel/framework/src/Illuminate/Container/BoundMethod.php(36): App\\Providers\\AppServiceProvider->boot()
#21 /opt/lampp/htdocs/Dapin-CMS/vendor/laravel/framework/src/Illuminate/Container/Util.php(41): Illuminate\\Container\\BoundMethod::Illuminate\\Container\\{closure}()
#22 /opt/lampp/htdocs/Dapin-CMS/vendor/laravel/framework/src/Illuminate/Container/BoundMethod.php(93): Illuminate\\Container\\Util::unwrapIfClosure(Object(Closure))
#23 /opt/lampp/htdocs/Dapin-CMS/vendor/laravel/framework/src/Illuminate/Container/BoundMethod.php(35): Illuminate\\Container\\BoundMethod::callBoundMethod(Object(Illuminate\\Foundation\\Application), Array, Object(Closure))
#24 /opt/lampp/htdocs/Dapin-CMS/vendor/laravel/framework/src/Illuminate/Container/Container.php(661): Illuminate\\Container\\BoundMethod::call(Object(Illuminate\\Foundation\\Application), Array, Array, NULL)
#25 /opt/lampp/htdocs/Dapin-CMS/vendor/laravel/framework/src/Illuminate/Foundation/Application.php(954): Illuminate\\Container\\Container->call(Array)
#26 /opt/lampp/htdocs/Dapin-CMS/vendor/laravel/framework/src/Illuminate/Foundation/Application.php(935): Illuminate\\Foundation\\Application->bootProvider(Object(App\\Providers\\AppServiceProvider))
#27 [internal function]: Illuminate\\Foundation\\Application->Illuminate\\Foundation\\{closure}(Object(App\\Providers\\AppServiceProvider), 39)
#28 /opt/lampp/htdocs/Dapin-CMS/vendor/laravel/framework/src/Illuminate/Foundation/Application.php(934): array_walk(Array, Object(Closure))
#29 /opt/lampp/htdocs/Dapin-CMS/vendor/laravel/framework/src/Illuminate/Foundation/Bootstrap/BootProviders.php(17): Illuminate\\Foundation\\Application->boot()
#30 /opt/lampp/htdocs/Dapin-CMS/vendor/laravel/framework/src/Illuminate/Foundation/Application.php(265): Illuminate\\Foundation\\Bootstrap\\BootProviders->bootstrap(Object(Illuminate\\Foundation\\Application))
#31 /opt/lampp/htdocs/Dapin-CMS/vendor/laravel/framework/src/Illuminate/Foundation/Console/Kernel.php(383): Illuminate\\Foundation\\Application->bootstrapWith(Array)
#32 /opt/lampp/htdocs/Dapin-CMS/vendor/laravel/framework/src/Illuminate/Foundation/Console/Kernel.php(153): Illuminate\\Foundation\\Console\\Kernel->bootstrap()
#33 /opt/lampp/htdocs/Dapin-CMS/artisan(35): Illuminate\\Foundation\\Console\\Kernel->handle(Object(Symfony\\Component\\Console\\Input\\ArgvInput), Object(Symfony\\Component\\Console\\Output\\ConsoleOutput))
#34 {main}
"} 
[2025-08-15 12:41:20] local.ERROR: SQLSTATE[HY000] [1049] Unknown database 'college' (SQL: select * from `languages` where `status` = 1) {"exception":"[object] (Illuminate\\Database\\QueryException(code: 1049): SQLSTATE[HY000] [1049] Unknown database 'college' (SQL: select * from `languages` where `status` = 1) at /opt/lampp/htdocs/Dapin-CMS/vendor/laravel/framework/src/Illuminate/Database/Connection.php:760)
[stacktrace]
#0 /opt/lampp/htdocs/Dapin-CMS/vendor/laravel/framework/src/Illuminate/Database/Connection.php(720): Illuminate\\Database\\Connection->runQueryCallback('select * from `...', Array, Object(Closure))
#1 /opt/lampp/htdocs/Dapin-CMS/vendor/laravel/framework/src/Illuminate/Database/Connection.php(405): Illuminate\\Database\\Connection->run('select * from `...', Array, Object(Closure))
#2 /opt/lampp/htdocs/Dapin-CMS/vendor/laravel/framework/src/Illuminate/Database/Query/Builder.php(2705): Illuminate\\Database\\Connection->select('select * from `...', Array, true)
#3 /opt/lampp/htdocs/Dapin-CMS/vendor/laravel/framework/src/Illuminate/Database/Query/Builder.php(2694): Illuminate\\Database\\Query\\Builder->runSelect()
#4 /opt/lampp/htdocs/Dapin-CMS/vendor/laravel/framework/src/Illuminate/Database/Query/Builder.php(3230): Illuminate\\Database\\Query\\Builder->Illuminate\\Database\\Query\\{closure}()
#5 /opt/lampp/htdocs/Dapin-CMS/vendor/laravel/framework/src/Illuminate/Database/Query/Builder.php(2693): Illuminate\\Database\\Query\\Builder->onceWithColumns(Array, Object(Closure))
#6 /opt/lampp/htdocs/Dapin-CMS/vendor/laravel/framework/src/Illuminate/Database/Eloquent/Builder.php(710): Illuminate\\Database\\Query\\Builder->get(Array)
#7 /opt/lampp/htdocs/Dapin-CMS/vendor/laravel/framework/src/Illuminate/Database/Eloquent/Builder.php(694): Illuminate\\Database\\Eloquent\\Builder->getModels(Array)
#8 /opt/lampp/htdocs/Dapin-CMS/app/Providers/AppServiceProvider.php(39): Illuminate\\Database\\Eloquent\\Builder->get()
#9 /opt/lampp/htdocs/Dapin-CMS/vendor/laravel/framework/src/Illuminate/Container/BoundMethod.php(36): App\\Providers\\AppServiceProvider->boot()
#10 /opt/lampp/htdocs/Dapin-CMS/vendor/laravel/framework/src/Illuminate/Container/Util.php(41): Illuminate\\Container\\BoundMethod::Illuminate\\Container\\{closure}()
#11 /opt/lampp/htdocs/Dapin-CMS/vendor/laravel/framework/src/Illuminate/Container/BoundMethod.php(93): Illuminate\\Container\\Util::unwrapIfClosure(Object(Closure))
#12 /opt/lampp/htdocs/Dapin-CMS/vendor/laravel/framework/src/Illuminate/Container/BoundMethod.php(35): Illuminate\\Container\\BoundMethod::callBoundMethod(Object(Illuminate\\Foundation\\Application), Array, Object(Closure))
#13 /opt/lampp/htdocs/Dapin-CMS/vendor/laravel/framework/src/Illuminate/Container/Container.php(661): Illuminate\\Container\\BoundMethod::call(Object(Illuminate\\Foundation\\Application), Array, Array, NULL)
#14 /opt/lampp/htdocs/Dapin-CMS/vendor/laravel/framework/src/Illuminate/Foundation/Application.php(954): Illuminate\\Container\\Container->call(Array)
#15 /opt/lampp/htdocs/Dapin-CMS/vendor/laravel/framework/src/Illuminate/Foundation/Application.php(935): Illuminate\\Foundation\\Application->bootProvider(Object(App\\Providers\\AppServiceProvider))
#16 [internal function]: Illuminate\\Foundation\\Application->Illuminate\\Foundation\\{closure}(Object(App\\Providers\\AppServiceProvider), 39)
#17 /opt/lampp/htdocs/Dapin-CMS/vendor/laravel/framework/src/Illuminate/Foundation/Application.php(934): array_walk(Array, Object(Closure))
#18 /opt/lampp/htdocs/Dapin-CMS/vendor/laravel/framework/src/Illuminate/Foundation/Bootstrap/BootProviders.php(17): Illuminate\\Foundation\\Application->boot()
#19 /opt/lampp/htdocs/Dapin-CMS/vendor/laravel/framework/src/Illuminate/Foundation/Application.php(265): Illuminate\\Foundation\\Bootstrap\\BootProviders->bootstrap(Object(Illuminate\\Foundation\\Application))
#20 /opt/lampp/htdocs/Dapin-CMS/vendor/laravel/framework/src/Illuminate/Foundation/Console/Kernel.php(383): Illuminate\\Foundation\\Application->bootstrapWith(Array)
#21 /opt/lampp/htdocs/Dapin-CMS/vendor/laravel/framework/src/Illuminate/Foundation/Console/Kernel.php(153): Illuminate\\Foundation\\Console\\Kernel->bootstrap()
#22 /opt/lampp/htdocs/Dapin-CMS/artisan(35): Illuminate\\Foundation\\Console\\Kernel->handle(Object(Symfony\\Component\\Console\\Input\\ArgvInput), Object(Symfony\\Component\\Console\\Output\\ConsoleOutput))
#23 {main}

[previous exception] [object] (PDOException(code: 1049): SQLSTATE[HY000] [1049] Unknown database 'college' at /opt/lampp/htdocs/Dapin-CMS/vendor/laravel/framework/src/Illuminate/Database/Connectors/Connector.php:70)
[stacktrace]
#0 /opt/lampp/htdocs/Dapin-CMS/vendor/laravel/framework/src/Illuminate/Database/Connectors/Connector.php(70): PDO->__construct('mysql:host=127....', 'root', Object(SensitiveParameterValue), Array)
#1 /opt/lampp/htdocs/Dapin-CMS/vendor/laravel/framework/src/Illuminate/Database/Connectors/Connector.php(45): Illuminate\\Database\\Connectors\\Connector->createPdoConnection('mysql:host=127....', 'root', '', Array)
#2 /opt/lampp/htdocs/Dapin-CMS/vendor/laravel/framework/src/Illuminate/Database/Connectors/MySqlConnector.php(24): Illuminate\\Database\\Connectors\\Connector->createConnection('mysql:host=127....', Array, Array)
#3 /opt/lampp/htdocs/Dapin-CMS/vendor/laravel/framework/src/Illuminate/Database/Connectors/ConnectionFactory.php(184): Illuminate\\Database\\Connectors\\MySqlConnector->connect(Array)
#4 [internal function]: Illuminate\\Database\\Connectors\\ConnectionFactory->Illuminate\\Database\\Connectors\\{closure}()
#5 /opt/lampp/htdocs/Dapin-CMS/vendor/laravel/framework/src/Illuminate/Database/Connection.php(1181): call_user_func(Object(Closure))
#6 /opt/lampp/htdocs/Dapin-CMS/vendor/laravel/framework/src/Illuminate/Database/Connection.php(1217): Illuminate\\Database\\Connection->getPdo()
#7 /opt/lampp/htdocs/Dapin-CMS/vendor/laravel/framework/src/Illuminate/Database/Connection.php(486): Illuminate\\Database\\Connection->getReadPdo()
#8 /opt/lampp/htdocs/Dapin-CMS/vendor/laravel/framework/src/Illuminate/Database/Connection.php(414): Illuminate\\Database\\Connection->getPdoForSelect(true)
#9 /opt/lampp/htdocs/Dapin-CMS/vendor/laravel/framework/src/Illuminate/Database/Connection.php(753): Illuminate\\Database\\Connection->Illuminate\\Database\\{closure}('select * from `...', Array)
#10 /opt/lampp/htdocs/Dapin-CMS/vendor/laravel/framework/src/Illuminate/Database/Connection.php(720): Illuminate\\Database\\Connection->runQueryCallback('select * from `...', Array, Object(Closure))
#11 /opt/lampp/htdocs/Dapin-CMS/vendor/laravel/framework/src/Illuminate/Database/Connection.php(405): Illuminate\\Database\\Connection->run('select * from `...', Array, Object(Closure))
#12 /opt/lampp/htdocs/Dapin-CMS/vendor/laravel/framework/src/Illuminate/Database/Query/Builder.php(2705): Illuminate\\Database\\Connection->select('select * from `...', Array, true)
#13 /opt/lampp/htdocs/Dapin-CMS/vendor/laravel/framework/src/Illuminate/Database/Query/Builder.php(2694): Illuminate\\Database\\Query\\Builder->runSelect()
#14 /opt/lampp/htdocs/Dapin-CMS/vendor/laravel/framework/src/Illuminate/Database/Query/Builder.php(3230): Illuminate\\Database\\Query\\Builder->Illuminate\\Database\\Query\\{closure}()
#15 /opt/lampp/htdocs/Dapin-CMS/vendor/laravel/framework/src/Illuminate/Database/Query/Builder.php(2693): Illuminate\\Database\\Query\\Builder->onceWithColumns(Array, Object(Closure))
#16 /opt/lampp/htdocs/Dapin-CMS/vendor/laravel/framework/src/Illuminate/Database/Eloquent/Builder.php(710): Illuminate\\Database\\Query\\Builder->get(Array)
#17 /opt/lampp/htdocs/Dapin-CMS/vendor/laravel/framework/src/Illuminate/Database/Eloquent/Builder.php(694): Illuminate\\Database\\Eloquent\\Builder->getModels(Array)
#18 /opt/lampp/htdocs/Dapin-CMS/app/Providers/AppServiceProvider.php(39): Illuminate\\Database\\Eloquent\\Builder->get()
#19 /opt/lampp/htdocs/Dapin-CMS/vendor/laravel/framework/src/Illuminate/Container/BoundMethod.php(36): App\\Providers\\AppServiceProvider->boot()
#20 /opt/lampp/htdocs/Dapin-CMS/vendor/laravel/framework/src/Illuminate/Container/Util.php(41): Illuminate\\Container\\BoundMethod::Illuminate\\Container\\{closure}()
#21 /opt/lampp/htdocs/Dapin-CMS/vendor/laravel/framework/src/Illuminate/Container/BoundMethod.php(93): Illuminate\\Container\\Util::unwrapIfClosure(Object(Closure))
#22 /opt/lampp/htdocs/Dapin-CMS/vendor/laravel/framework/src/Illuminate/Container/BoundMethod.php(35): Illuminate\\Container\\BoundMethod::callBoundMethod(Object(Illuminate\\Foundation\\Application), Array, Object(Closure))
#23 /opt/lampp/htdocs/Dapin-CMS/vendor/laravel/framework/src/Illuminate/Container/Container.php(661): Illuminate\\Container\\BoundMethod::call(Object(Illuminate\\Foundation\\Application), Array, Array, NULL)
#24 /opt/lampp/htdocs/Dapin-CMS/vendor/laravel/framework/src/Illuminate/Foundation/Application.php(954): Illuminate\\Container\\Container->call(Array)
#25 /opt/lampp/htdocs/Dapin-CMS/vendor/laravel/framework/src/Illuminate/Foundation/Application.php(935): Illuminate\\Foundation\\Application->bootProvider(Object(App\\Providers\\AppServiceProvider))
#26 [internal function]: Illuminate\\Foundation\\Application->Illuminate\\Foundation\\{closure}(Object(App\\Providers\\AppServiceProvider), 39)
#27 /opt/lampp/htdocs/Dapin-CMS/vendor/laravel/framework/src/Illuminate/Foundation/Application.php(934): array_walk(Array, Object(Closure))
#28 /opt/lampp/htdocs/Dapin-CMS/vendor/laravel/framework/src/Illuminate/Foundation/Bootstrap/BootProviders.php(17): Illuminate\\Foundation\\Application->boot()
#29 /opt/lampp/htdocs/Dapin-CMS/vendor/laravel/framework/src/Illuminate/Foundation/Application.php(265): Illuminate\\Foundation\\Bootstrap\\BootProviders->bootstrap(Object(Illuminate\\Foundation\\Application))
#30 /opt/lampp/htdocs/Dapin-CMS/vendor/laravel/framework/src/Illuminate/Foundation/Console/Kernel.php(383): Illuminate\\Foundation\\Application->bootstrapWith(Array)
#31 /opt/lampp/htdocs/Dapin-CMS/vendor/laravel/framework/src/Illuminate/Foundation/Console/Kernel.php(153): Illuminate\\Foundation\\Console\\Kernel->bootstrap()
#32 /opt/lampp/htdocs/Dapin-CMS/artisan(35): Illuminate\\Foundation\\Console\\Kernel->handle(Object(Symfony\\Component\\Console\\Input\\ArgvInput), Object(Symfony\\Component\\Console\\Output\\ConsoleOutput))
#33 {main}
"} 
